experiment;asymptotic;rewritten real time;rewritten user time;rewritten sys time;rewritten meval time
release-0-bounded-lhs-0-always;baseline;0.427;0.408;0.014;0.36033
release-0-bounded-lhs-0-always;2n;1.074;1.050;0.013;0.949426
release-0-bounded-lhs-0-always;2l;0.863;0.843;0.015;0.753021
release-0-bounded-lhs-0-always;2c;2.330;2.295;0.023;2.08229
release-0-bounded-lhs-0-always;4n;2.624;2.585;0.029;2.26214
release-0-bounded-lhs-0-always;4l;1.881;1.853;0.017;1.67077
release-0-bounded-lhs-0-always;4c;10.298;10.202;0.052;8.87485
release-0-bounded-lhs-0-always;8n;5.421;5.381;0.029;4.51087
release-0-bounded-lhs-0-always;8l;3.823;3.789;0.026;3.42556
release-0-bounded-lhs-0-always;8c;46.637;46.455;0.145;38.9184
release-0-bounded-lhs-0-always;baseline;0.425;0.406;0.014;0.360862
release-0-bounded-lhs-0-always;2n;1.019;0.983;0.012;0.88435
release-0-bounded-lhs-0-always;2l;0.888;0.867;0.013;0.774203
release-0-bounded-lhs-0-always;2c;2.084;2.056;0.021;1.85653
release-0-bounded-lhs-0-always;4n;2.345;2.319;0.017;2.01796
release-0-bounded-lhs-0-always;4l;1.805;1.778;0.017;1.59883
release-0-bounded-lhs-0-always;4c;10.034;9.978;0.041;8.66884
release-0-bounded-lhs-0-always;8n;5.439;5.399;0.033;4.52315
release-0-bounded-lhs-0-always;8l;3.790;3.758;0.022;3.39877
release-0-bounded-lhs-0-always;8c;46.700;46.524;0.155;38.9884
release-0-bounded-lhs-0-always;baseline;0.410;0.391;0.010;0.347049
release-0-bounded-lhs-0-always;2n;0.986;0.964;0.013;0.86584
release-0-bounded-lhs-0-always;2l;0.872;0.852;0.016;0.760326
release-0-bounded-lhs-0-always;2c;2.107;2.081;0.020;1.87937
release-0-bounded-lhs-0-always;4n;2.350;2.323;0.021;2.02272
release-0-bounded-lhs-0-always;4l;1.819;1.794;0.016;1.61674
release-0-bounded-lhs-0-always;4c;10.149;10.066;0.047;8.7476
release-0-bounded-lhs-0-always;8n;5.401;5.360;0.031;4.49749
release-0-bounded-lhs-0-always;8l;3.896;3.860;0.025;3.49468
release-0-bounded-lhs-0-always;8c;46.392;46.210;0.156;38.6522
release-0-bounded-lhs-0-always;baseline;0.432;0.412;0.016;0.365697
release-0-bounded-lhs-0-always;2n;1.020;0.998;0.012;0.898013
release-0-bounded-lhs-0-always;2l;0.914;0.866;0.015;0.773832
release-0-bounded-lhs-0-always;2c;2.125;2.098;0.016;1.89704
release-0-bounded-lhs-0-always;4n;2.390;2.361;0.023;2.05495
release-0-bounded-lhs-0-always;4l;1.806;1.782;0.019;1.60574
release-0-bounded-lhs-0-always;4c;10.391;10.333;0.047;8.96089
release-0-bounded-lhs-0-always;8n;5.419;5.381;0.026;4.515
release-0-bounded-lhs-0-always;8l;3.918;3.883;0.025;3.51072
release-0-bounded-lhs-0-always;8c;46.373;46.188;0.156;38.6495
release-0-bounded-lhs-0-always;baseline;0.422;0.404;0.010;0.357499
release-0-bounded-lhs-0-always;2n;1.022;0.997;0.016;0.897319
release-0-bounded-lhs-0-always;2l;0.862;0.840;0.013;0.748176
release-0-bounded-lhs-0-always;2c;2.119;2.088;0.026;1.88221
release-0-bounded-lhs-0-always;4n;2.344;2.317;0.021;2.01972
release-0-bounded-lhs-0-always;4l;1.789;1.764;0.017;1.58716
release-0-bounded-lhs-0-always;4c;10.056;9.997;0.044;8.68509
release-0-bounded-lhs-0-always;8n;5.480;5.439;0.033;4.56763
release-0-bounded-lhs-0-always;8l;3.836;3.800;0.025;3.43418
release-0-bounded-lhs-0-always;8c;46.459;46.277;0.153;38.7661
release-0-bounded-lhs-0-always;baseline;0.423;0.404;0.013;0.358724
release-0-bounded-lhs-0-always;2n;1.017;0.992;0.020;0.890548
release-0-bounded-lhs-0-always;2l;0.901;0.858;0.015;0.766895
release-0-bounded-lhs-0-always;2c;2.086;2.060;0.017;1.85942
release-0-bounded-lhs-0-always;4n;2.371;2.343;0.018;2.03555
release-0-bounded-lhs-0-always;4l;1.827;1.801;0.017;1.62272
release-0-bounded-lhs-0-always;4c;10.147;10.093;0.040;8.76933
release-0-bounded-lhs-0-always;8n;5.447;5.406;0.032;4.52992
release-0-bounded-lhs-0-always;8l;3.851;3.817;0.024;3.45648
release-0-bounded-lhs-0-always;8c;46.564;46.377;0.163;38.7945
release-0-bounded-lhs-0-always;baseline;0.417;0.397;0.013;0.351223
release-0-bounded-lhs-0-always;2n;1.005;0.980;0.016;0.880264
release-0-bounded-lhs-0-always;2l;0.864;0.844;0.013;0.753204
release-0-bounded-lhs-0-always;2c;2.070;2.045;0.018;1.84768
release-0-bounded-lhs-0-always;4n;2.361;2.333;0.022;2.03366
release-0-bounded-lhs-0-always;4l;1.841;1.813;0.018;1.63482
release-0-bounded-lhs-0-always;4c;10.063;9.992;0.046;8.67541
release-0-bounded-lhs-0-always;8n;5.386;5.346;0.030;4.49081
release-0-bounded-lhs-0-always;8l;3.803;3.770;0.023;3.40283
release-0-bounded-lhs-0-always;8c;46.296;46.111;0.159;38.5926
release-0-bounded-lhs-0-always;baseline;0.428;0.407;0.012;0.361264
release-0-bounded-lhs-0-always;2n;1.016;0.994;0.014;0.894554
release-0-bounded-lhs-0-always;2l;0.888;0.865;0.018;0.772905
release-0-bounded-lhs-0-always;2c;2.159;2.132;0.017;1.92817
release-0-bounded-lhs-0-always;4n;2.356;2.329;0.018;2.02778
release-0-bounded-lhs-0-always;4l;1.834;1.809;0.016;1.63291
release-0-bounded-lhs-0-always;4c;10.133;10.076;0.045;8.75391
release-0-bounded-lhs-0-always;8n;5.496;5.457;0.029;4.57824
release-0-bounded-lhs-0-always;8l;3.865;3.831;0.025;3.47157
release-0-bounded-lhs-0-always;8c;46.254;46.075;0.145;38.485
release-0-bounded-lhs-0-always;baseline;0.430;0.411;0.014;0.364365
release-0-bounded-lhs-0-always;2n;1.012;0.990;0.012;0.890005
release-0-bounded-lhs-0-always;2l;0.876;0.856;0.012;0.764653
release-0-bounded-lhs-0-always;2c;2.098;2.073;0.016;1.87208
release-0-bounded-lhs-0-always;4n;2.358;2.330;0.024;2.02816
release-0-bounded-lhs-0-always;4l;1.830;1.804;0.017;1.62574
release-0-bounded-lhs-0-always;4c;10.093;10.021;0.046;8.69231
release-0-bounded-lhs-0-always;8n;5.498;5.459;0.030;4.60066
release-0-bounded-lhs-0-always;8l;3.796;3.765;0.024;3.40526
release-0-bounded-lhs-0-always;8c;46.018;45.841;0.151;38.3406
release-0-bounded-lhs-0-always;baseline;0.420;0.400;0.011;0.353454
release-0-bounded-lhs-0-always;2n;0.994;0.972;0.013;0.873139
release-0-bounded-lhs-0-always;2l;0.865;0.841;0.017;0.749236
release-0-bounded-lhs-0-always;2c;2.128;2.091;0.015;1.8894
release-0-bounded-lhs-0-always;4n;2.324;2.299;0.017;2.00327
release-0-bounded-lhs-0-always;4l;1.823;1.798;0.020;1.6215
release-0-bounded-lhs-0-always;4c;10.051;9.995;0.042;8.67581
release-0-bounded-lhs-0-always;8n;5.436;5.396;0.032;4.53008
release-0-bounded-lhs-0-always;8l;3.813;3.776;0.024;3.41316
release-0-bounded-lhs-0-always;8c;46.215;46.036;0.154;38.5283
release-0-bounded-lhs-0-until;baseline;0.330;0.309;0.015;0.272444
release-0-bounded-lhs-0-until;2n;0.736;0.712;0.015;0.637553
release-0-bounded-lhs-0-until;2l;0.616;0.597;0.010;0.533116
release-0-bounded-lhs-0-until;2c;1.491;1.465;0.017;1.32773
release-0-bounded-lhs-0-until;4n;1.709;1.684;0.020;1.49641
release-0-bounded-lhs-0-until;4l;1.320;1.295;0.016;1.16103
release-0-bounded-lhs-0-until;4c;7.302;7.251;0.037;6.44469
release-0-bounded-lhs-0-until;8n;3.993;3.956;0.027;3.38822
release-0-bounded-lhs-0-until;8l;2.786;2.727;0.023;2.4618
release-0-bounded-lhs-0-until;8c;33.632;33.453;0.131;28.3323
release-0-bounded-lhs-0-until;baseline;0.312;0.292;0.012;0.257929
release-0-bounded-lhs-0-until;2n;0.712;0.693;0.014;0.622072
release-0-bounded-lhs-0-until;2l;0.623;0.603;0.010;0.538604
release-0-bounded-lhs-0-until;2c;1.466;1.441;0.015;1.30515
release-0-bounded-lhs-0-until;4n;1.682;1.656;0.017;1.46775
release-0-bounded-lhs-0-until;4l;1.333;1.304;0.019;1.17204
release-0-bounded-lhs-0-until;4c;7.279;7.230;0.040;6.39817
release-0-bounded-lhs-0-until;8n;3.925;3.891;0.025;3.32567
release-0-bounded-lhs-0-until;8l;2.734;2.703;0.023;2.44301
release-0-bounded-lhs-0-until;8c;33.274;33.121;0.135;28.0423
release-0-bounded-lhs-0-until;baseline;0.309;0.292;0.013;0.25745
release-0-bounded-lhs-0-until;2n;0.726;0.706;0.011;0.634278
release-0-bounded-lhs-0-until;2l;0.621;0.601;0.014;0.536952
release-0-bounded-lhs-0-until;2c;1.482;1.434;0.014;1.30019
release-0-bounded-lhs-0-until;4n;1.707;1.684;0.018;1.49298
release-0-bounded-lhs-0-until;4l;1.307;1.283;0.015;1.15263
release-0-bounded-lhs-0-until;4c;7.340;7.286;0.042;6.47392
release-0-bounded-lhs-0-until;8n;3.953;3.919;0.024;3.35459
release-0-bounded-lhs-0-until;8l;2.747;2.717;0.025;2.45223
release-0-bounded-lhs-0-until;8c;33.461;33.305;0.130;28.2008
release-0-bounded-lhs-0-until;baseline;0.313;0.293;0.012;0.257789
release-0-bounded-lhs-0-until;2n;0.730;0.707;0.018;0.633251
release-0-bounded-lhs-0-until;2l;0.618;0.599;0.010;0.533055
release-0-bounded-lhs-0-until;2c;1.461;1.436;0.020;1.29816
release-0-bounded-lhs-0-until;4n;1.694;1.669;0.020;1.47875
release-0-bounded-lhs-0-until;4l;1.297;1.274;0.015;1.14353
release-0-bounded-lhs-0-until;4c;7.342;7.266;0.045;6.44546
release-0-bounded-lhs-0-until;8n;4.008;3.973;0.025;3.40438
release-0-bounded-lhs-0-until;8l;2.745;2.713;0.026;2.45843
release-0-bounded-lhs-0-until;8c;34.117;33.965;0.126;28.8257
release-0-bounded-lhs-0-until;baseline;0.327;0.309;0.011;0.273552
release-0-bounded-lhs-0-until;2n;0.715;0.696;0.010;0.624223
release-0-bounded-lhs-0-until;2l;0.637;0.615;0.012;0.548101
release-0-bounded-lhs-0-until;2c;1.453;1.429;0.014;1.29431
release-0-bounded-lhs-0-until;4n;1.731;1.706;0.020;1.51453
release-0-bounded-lhs-0-until;4l;1.302;1.279;0.019;1.15062
release-0-bounded-lhs-0-until;4c;7.305;7.255;0.040;6.44228
release-0-bounded-lhs-0-until;8n;4.019;3.983;0.029;3.40854
release-0-bounded-lhs-0-until;8l;2.771;2.740;0.021;2.4765
release-0-bounded-lhs-0-until;8c;33.555;33.368;0.141;28.2767
release-0-bounded-lhs-0-until;baseline;0.325;0.306;0.011;0.270148
release-0-bounded-lhs-0-until;2n;0.713;0.691;0.013;0.619807
release-0-bounded-lhs-0-until;2l;0.636;0.613;0.012;0.548752
release-0-bounded-lhs-0-until;2c;1.447;1.423;0.014;1.28615
release-0-bounded-lhs-0-until;4n;1.711;1.684;0.021;1.49367
release-0-bounded-lhs-0-until;4l;1.300;1.275;0.016;1.14488
release-0-bounded-lhs-0-until;4c;7.314;7.264;0.037;6.45311
release-0-bounded-lhs-0-until;8n;3.995;3.960;0.028;3.39327
release-0-bounded-lhs-0-until;8l;2.807;2.762;0.026;2.50019
release-0-bounded-lhs-0-until;8c;33.557;33.378;0.131;28.2697
release-0-bounded-lhs-0-until;baseline;0.328;0.309;0.009;0.272819
release-0-bounded-lhs-0-until;2n;0.714;0.695;0.014;0.624511
release-0-bounded-lhs-0-until;2l;0.631;0.611;0.010;0.54632
release-0-bounded-lhs-0-until;2c;1.448;1.423;0.014;1.28798
release-0-bounded-lhs-0-until;4n;1.705;1.680;0.016;1.48901
release-0-bounded-lhs-0-until;4l;1.298;1.273;0.016;1.13996
release-0-bounded-lhs-0-until;4c;7.350;7.297;0.044;6.47674
release-0-bounded-lhs-0-until;8n;3.951;3.917;0.023;3.35195
release-0-bounded-lhs-0-until;8l;2.782;2.751;0.025;2.49122
release-0-bounded-lhs-0-until;8c;33.428;33.245;0.140;28.1787
release-0-bounded-lhs-0-until;baseline;0.308;0.288;0.011;0.25248
release-0-bounded-lhs-0-until;2n;0.719;0.699;0.011;0.627036
release-0-bounded-lhs-0-until;2l;0.621;0.601;0.016;0.533988
release-0-bounded-lhs-0-until;2c;1.484;1.434;0.015;1.29928
release-0-bounded-lhs-0-until;4n;1.768;1.742;0.018;1.54687
release-0-bounded-lhs-0-until;4l;1.294;1.269;0.016;1.13832
release-0-bounded-lhs-0-until;4c;7.274;7.225;0.042;6.40771
release-0-bounded-lhs-0-until;8n;3.964;3.928;0.028;3.35854
release-0-bounded-lhs-0-until;8l;2.755;2.723;0.023;2.46441
release-0-bounded-lhs-0-until;8c;33.469;33.311;0.135;28.208
release-0-bounded-lhs-0-until;baseline;0.309;0.293;0.009;0.258064
release-0-bounded-lhs-0-until;2n;0.732;0.712;0.011;0.638887
release-0-bounded-lhs-0-until;2l;0.626;0.606;0.010;0.54144
release-0-bounded-lhs-0-until;2c;1.460;1.435;0.017;1.29923
release-0-bounded-lhs-0-until;4n;1.717;1.692;0.016;1.5057
release-0-bounded-lhs-0-until;4l;1.337;1.313;0.015;1.18342
release-0-bounded-lhs-0-until;4c;7.323;7.248;0.041;6.429
release-0-bounded-lhs-0-until;8n;3.970;3.936;0.027;3.36432
release-0-bounded-lhs-0-until;8l;2.767;2.733;0.028;2.47281
release-0-bounded-lhs-0-until;8c;35.751;35.582;0.150;30.2544
release-0-bounded-lhs-0-until;baseline;0.344;0.326;0.011;0.289399
release-0-bounded-lhs-0-until;2n;0.862;0.841;0.012;0.759699
release-0-bounded-lhs-0-until;2l;0.764;0.743;0.017;0.666279
release-0-bounded-lhs-0-until;2c;1.653;1.628;0.016;1.47908
release-0-bounded-lhs-0-until;4n;1.962;1.937;0.017;1.72941
release-0-bounded-lhs-0-until;4l;1.504;1.479;0.017;1.33281
release-0-bounded-lhs-0-until;4c;8.424;8.371;0.042;7.46819
release-0-bounded-lhs-0-until;8n;4.558;4.523;0.024;3.89257
release-0-bounded-lhs-0-until;8l;2.795;2.760;0.023;2.49425
release-0-bounded-lhs-0-until;8c;33.736;33.582;0.129;28.4507
release-0-bounded-lhs-1-always;baseline;0.608;0.587;0.016;0.52209
release-0-bounded-lhs-1-always;2n;1.428;1.404;0.013;1.2431
release-0-bounded-lhs-1-always;2l;1.213;1.190;0.014;1.05945
release-0-bounded-lhs-1-always;2c;2.944;2.911;0.022;2.58038
release-0-bounded-lhs-1-always;4n;3.289;3.255;0.022;2.75346
release-0-bounded-lhs-1-always;4l;2.525;2.496;0.019;2.23511
release-0-bounded-lhs-1-always;4c;14.108;14.024;0.070;11.6416
release-0-bounded-lhs-1-always;8n;8.102;8.012;0.056;6.67531
release-0-bounded-lhs-1-always;8l;5.345;5.300;0.034;4.77192
release-0-bounded-lhs-1-always;8c;63.608;63.353;0.223;52.0548
release-0-bounded-lhs-1-always;baseline;0.622;0.602;0.010;0.5347
release-0-bounded-lhs-1-always;2n;1.511;1.471;0.019;1.30183
release-0-bounded-lhs-1-always;2l;1.278;1.254;0.015;1.11775
release-0-bounded-lhs-1-always;2c;2.992;2.963;0.023;2.62839
release-0-bounded-lhs-1-always;4n;3.388;3.356;0.025;2.83765
release-0-bounded-lhs-1-always;4l;2.617;2.587;0.018;2.31817
release-0-bounded-lhs-1-always;4c;14.059;13.986;0.059;11.6151
release-0-bounded-lhs-1-always;8n;7.536;7.463;0.040;6.20318
release-0-bounded-lhs-1-always;8l;5.292;5.250;0.036;4.72634
release-0-bounded-lhs-1-always;8c;62.829;62.560;0.235;51.4481
release-0-bounded-lhs-1-always;baseline;0.592;0.572;0.011;0.506592
release-0-bounded-lhs-1-always;2n;1.406;1.381;0.016;1.22018
release-0-bounded-lhs-1-always;2l;1.218;1.195;0.016;1.06468
release-0-bounded-lhs-1-always;2c;2.913;2.882;0.026;2.55836
release-0-bounded-lhs-1-always;4n;3.307;3.275;0.022;2.77108
release-0-bounded-lhs-1-always;4l;2.559;2.531;0.019;2.26799
release-0-bounded-lhs-1-always;4c;13.751;13.676;0.058;11.3092
release-0-bounded-lhs-1-always;8n;7.533;7.483;0.036;6.21145
release-0-bounded-lhs-1-always;8l;5.322;5.280;0.032;4.74897
release-0-bounded-lhs-1-always;8c;62.825;62.563;0.225;51.4763
release-0-bounded-lhs-1-always;baseline;0.596;0.575;0.014;0.510721
release-0-bounded-lhs-1-always;2n;1.429;1.404;0.014;1.24114
release-0-bounded-lhs-1-always;2l;1.255;1.232;0.015;1.09801
release-0-bounded-lhs-1-always;2c;2.949;2.916;0.026;2.58603
release-0-bounded-lhs-1-always;4n;3.257;3.202;0.023;2.70417
release-0-bounded-lhs-1-always;4l;2.558;2.527;0.023;2.26214
release-0-bounded-lhs-1-always;4c;13.757;13.677;0.069;11.3207
release-0-bounded-lhs-1-always;8n;7.568;7.517;0.038;6.23614
release-0-bounded-lhs-1-always;8l;5.368;5.300;0.038;4.76649
release-0-bounded-lhs-1-always;8c;62.797;62.518;0.234;51.4228
release-0-bounded-lhs-1-always;baseline;0.604;0.583;0.017;0.519522
release-0-bounded-lhs-1-always;2n;1.423;1.398;0.015;1.23438
release-0-bounded-lhs-1-always;2l;1.228;1.206;0.012;1.07429
release-0-bounded-lhs-1-always;2c;2.939;2.909;0.020;2.581
release-0-bounded-lhs-1-always;4n;3.350;3.310;0.025;2.78652
release-0-bounded-lhs-1-always;4l;2.500;2.472;0.022;2.2074
release-0-bounded-lhs-1-always;4c;13.467;13.401;0.054;11.0951
release-0-bounded-lhs-1-always;8n;7.276;7.234;0.034;6.01868
release-0-bounded-lhs-1-always;8l;5.121;5.080;0.029;4.55602
release-0-bounded-lhs-1-always;8c;61.696;61.468;0.192;50.6792
release-0-bounded-lhs-1-always;baseline;0.582;0.564;0.009;0.499896
release-0-bounded-lhs-1-always;2n;1.356;1.330;0.013;1.17049
release-0-bounded-lhs-1-always;2l;1.177;1.157;0.011;1.02833
release-0-bounded-lhs-1-always;2c;2.821;2.792;0.020;2.47388
release-0-bounded-lhs-1-always;4n;3.091;3.065;0.017;2.58154
release-0-bounded-lhs-1-always;4l;2.473;2.447;0.021;2.18983
release-0-bounded-lhs-1-always;4c;13.170;13.112;0.046;10.8404
release-0-bounded-lhs-1-always;8n;7.143;7.106;0.026;5.90926
release-0-bounded-lhs-1-always;8l;5.058;5.021;0.029;4.51096
release-0-bounded-lhs-1-always;8c;59.874;59.691;0.166;49.054
release-0-bounded-lhs-1-always;baseline;0.582;0.562;0.011;0.497705
release-0-bounded-lhs-1-always;2n;1.353;1.331;0.017;1.1724
release-0-bounded-lhs-1-always;2l;1.166;1.145;0.017;1.01688
release-0-bounded-lhs-1-always;2c;2.807;2.781;0.015;2.46241
release-0-bounded-lhs-1-always;4n;3.125;3.098;0.018;2.61514
release-0-bounded-lhs-1-always;4l;2.480;2.428;0.016;2.17123
release-0-bounded-lhs-1-always;4c;13.140;13.080;0.047;10.8057
release-0-bounded-lhs-1-always;8n;7.160;7.119;0.030;5.90706
release-0-bounded-lhs-1-always;8l;5.046;5.011;0.026;4.50056
release-0-bounded-lhs-1-always;8c;59.385;59.201;0.174;48.673
release-0-bounded-lhs-1-always;baseline;0.570;0.550;0.012;0.486507
release-0-bounded-lhs-1-always;2n;1.338;1.315;0.014;1.15949
release-0-bounded-lhs-1-always;2l;1.159;1.140;0.011;1.01085
release-0-bounded-lhs-1-always;2c;2.812;2.773;0.022;2.45442
release-0-bounded-lhs-1-always;4n;3.153;3.124;0.023;2.63842
release-0-bounded-lhs-1-always;4l;2.470;2.441;0.025;2.18109
release-0-bounded-lhs-1-always;4c;13.275;13.219;0.047;10.9446
release-0-bounded-lhs-1-always;8n;7.177;7.138;0.031;5.91782
release-0-bounded-lhs-1-always;8l;5.095;5.056;0.029;4.54134
release-0-bounded-lhs-1-always;8c;59.826;59.625;0.174;48.9939
release-0-bounded-lhs-1-always;baseline;0.574;0.556;0.010;0.491235
release-0-bounded-lhs-1-always;2n;1.335;1.313;0.013;1.15559
release-0-bounded-lhs-1-always;2l;1.170;1.149;0.011;1.02078
release-0-bounded-lhs-1-always;2c;2.804;2.775;0.022;2.45474
release-0-bounded-lhs-1-always;4n;3.108;3.078;0.020;2.59545
release-0-bounded-lhs-1-always;4l;2.450;2.425;0.018;2.16907
release-0-bounded-lhs-1-always;4c;13.088;13.030;0.047;10.783
release-0-bounded-lhs-1-always;8n;7.208;7.144;0.037;5.94244
release-0-bounded-lhs-1-always;8l;5.092;5.054;0.029;4.54532
release-0-bounded-lhs-1-always;8c;59.956;59.773;0.176;49.1772
release-0-bounded-lhs-1-always;baseline;0.576;0.557;0.012;0.49385
release-0-bounded-lhs-1-always;2n;1.327;1.306;0.012;1.15046
release-0-bounded-lhs-1-always;2l;1.171;1.148;0.019;1.01842
release-0-bounded-lhs-1-always;2c;2.782;2.752;0.025;2.43616
release-0-bounded-lhs-1-always;4n;3.120;3.092;0.019;2.60758
release-0-bounded-lhs-1-always;4l;2.457;2.430;0.018;2.17439
release-0-bounded-lhs-1-always;4c;13.072;13.015;0.052;10.7584
release-0-bounded-lhs-1-always;8n;7.172;7.132;0.034;5.92767
release-0-bounded-lhs-1-always;8l;5.052;5.016;0.028;4.50635
release-0-bounded-lhs-1-always;8c;59.378;59.195;0.173;48.6366
release-0-bounded-lhs-1-neg-always;baseline;0.600;0.581;0.010;0.515291
release-0-bounded-lhs-1-neg-always;2n;1.420;1.397;0.013;1.23417
release-0-bounded-lhs-1-neg-always;2l;1.246;1.223;0.013;1.09262
release-0-bounded-lhs-1-neg-always;2c;2.898;2.871;0.016;2.55623
release-0-bounded-lhs-1-neg-always;4n;3.209;3.179;0.027;2.69854
release-0-bounded-lhs-1-neg-always;4l;2.550;2.521;0.022;2.26066
release-0-bounded-lhs-1-neg-always;4c;13.517;13.454;0.056;11.2503
release-0-bounded-lhs-1-neg-always;8n;7.328;7.282;0.037;6.00741
release-0-bounded-lhs-1-neg-always;8l;5.375;5.333;0.029;4.82464
release-0-bounded-lhs-1-neg-always;8c;61.708;61.521;0.171;50.8587
release-0-bounded-lhs-1-neg-always;baseline;0.615;0.596;0.010;0.528662
release-0-bounded-lhs-1-neg-always;2n;1.427;1.401;0.015;1.2393
release-0-bounded-lhs-1-neg-always;2l;1.273;1.226;0.018;1.09421
release-0-bounded-lhs-1-neg-always;2c;2.905;2.876;0.024;2.55606
release-0-bounded-lhs-1-neg-always;4n;3.222;3.191;0.026;2.70865
release-0-bounded-lhs-1-neg-always;4l;2.547;2.521;0.016;2.257
release-0-bounded-lhs-1-neg-always;4c;13.493;13.431;0.051;11.2166
release-0-bounded-lhs-1-neg-always;8n;7.483;7.419;0.038;6.12257
release-0-bounded-lhs-1-neg-always;8l;5.299;5.261;0.028;4.75188
release-0-bounded-lhs-1-neg-always;8c;60.866;60.678;0.177;49.9808
release-0-bounded-lhs-1-neg-always;baseline;0.601;0.582;0.010;0.517285
release-0-bounded-lhs-1-neg-always;2n;1.418;1.395;0.018;1.23245
release-0-bounded-lhs-1-neg-always;2l;1.226;1.205;0.011;1.07628
release-0-bounded-lhs-1-neg-always;2c;2.870;2.843;0.020;2.53012
release-0-bounded-lhs-1-neg-always;4n;3.203;3.176;0.023;2.69563
release-0-bounded-lhs-1-neg-always;4l;2.542;2.513;0.024;2.25416
release-0-bounded-lhs-1-neg-always;4c;13.655;13.578;0.052;11.3852
release-0-bounded-lhs-1-neg-always;8n;7.405;7.361;0.034;6.0843
release-0-bounded-lhs-1-neg-always;8l;5.299;5.259;0.032;4.74072
release-0-bounded-lhs-1-neg-always;8c;62.812;62.608;0.192;51.688
release-0-bounded-lhs-1-neg-always;baseline;0.641;0.621;0.011;0.55095
release-0-bounded-lhs-1-neg-always;2n;1.500;1.473;0.018;1.30202
release-0-bounded-lhs-1-neg-always;2l;1.294;1.271;0.017;1.13304
release-0-bounded-lhs-1-neg-always;2c;3.093;3.065;0.018;2.72975
release-0-bounded-lhs-1-neg-always;4n;3.348;3.321;0.020;2.82253
release-0-bounded-lhs-1-neg-always;4l;2.746;2.711;0.020;2.43349
release-0-bounded-lhs-1-neg-always;4c;14.319;14.258;0.050;11.9497
release-0-bounded-lhs-1-neg-always;8n;7.771;7.728;0.034;6.37725
release-0-bounded-lhs-1-neg-always;8l;5.579;5.540;0.035;5.00442
release-0-bounded-lhs-1-neg-always;8c;62.138;61.923;0.181;51.133
release-0-bounded-lhs-1-neg-always;baseline;0.599;0.580;0.010;0.515067
release-0-bounded-lhs-1-neg-always;2n;1.404;1.382;0.012;1.22177
release-0-bounded-lhs-1-neg-always;2l;1.265;1.241;0.018;1.11085
release-0-bounded-lhs-1-neg-always;2c;2.880;2.853;0.019;2.53848
release-0-bounded-lhs-1-neg-always;4n;3.237;3.208;0.020;2.72335
release-0-bounded-lhs-1-neg-always;4l;2.538;2.510;0.023;2.25128
release-0-bounded-lhs-1-neg-always;4c;13.518;13.455;0.048;11.262
release-0-bounded-lhs-1-neg-always;8n;7.418;7.349;0.041;6.08015
release-0-bounded-lhs-1-neg-always;8l;5.354;5.314;0.035;4.80313
release-0-bounded-lhs-1-neg-always;8c;61.276;61.091;0.165;50.4787
release-0-bounded-lhs-1-neg-always;baseline;0.603;0.583;0.017;0.517006
release-0-bounded-lhs-1-neg-always;2n;1.420;1.398;0.012;1.23468
release-0-bounded-lhs-1-neg-always;2l;1.260;1.238;0.012;1.1065
release-0-bounded-lhs-1-neg-always;2c;2.941;2.910;0.021;2.59255
release-0-bounded-lhs-1-neg-always;4n;3.227;3.198;0.023;2.71326
release-0-bounded-lhs-1-neg-always;4l;2.576;2.548;0.017;2.28816
release-0-bounded-lhs-1-neg-always;4c;13.599;13.522;0.055;11.3163
release-0-bounded-lhs-1-neg-always;8n;7.389;7.347;0.035;6.05742
release-0-bounded-lhs-1-neg-always;8l;5.321;5.283;0.026;4.77197
release-0-bounded-lhs-1-neg-always;8c;61.467;61.277;0.180;50.6021
release-0-bounded-lhs-1-neg-always;baseline;0.600;0.580;0.017;0.513316
release-0-bounded-lhs-1-neg-always;2n;1.405;1.382;0.018;1.21749
release-0-bounded-lhs-1-neg-always;2l;1.245;1.221;0.016;1.09018
release-0-bounded-lhs-1-neg-always;2c;2.902;2.872;0.025;2.557
release-0-bounded-lhs-1-neg-always;4n;3.321;3.286;0.025;2.79372
release-0-bounded-lhs-1-neg-always;4l;2.603;2.550;0.019;2.28523
release-0-bounded-lhs-1-neg-always;4c;13.670;13.609;0.049;11.3655
release-0-bounded-lhs-1-neg-always;8n;7.405;7.363;0.029;6.07831
release-0-bounded-lhs-1-neg-always;8l;5.363;5.321;0.034;4.81259
release-0-bounded-lhs-1-neg-always;8c;61.126;60.940;0.166;50.3207
release-0-bounded-lhs-1-neg-always;baseline;0.682;0.615;0.017;0.545861
release-0-bounded-lhs-1-neg-always;2n;1.412;1.391;0.014;1.22872
release-0-bounded-lhs-1-neg-always;2l;1.237;1.215;0.017;1.08435
release-0-bounded-lhs-1-neg-always;2c;2.890;2.863;0.021;2.54731
release-0-bounded-lhs-1-neg-always;4n;3.246;3.218;0.019;2.73177
release-0-bounded-lhs-1-neg-always;4l;2.568;2.541;0.016;2.28391
release-0-bounded-lhs-1-neg-always;4c;13.638;13.576;0.050;11.3771
release-0-bounded-lhs-1-neg-always;8n;7.411;7.344;0.037;6.06204
release-0-bounded-lhs-1-neg-always;8l;5.355;5.318;0.027;4.80617
release-0-bounded-lhs-1-neg-always;8c;61.416;61.230;0.172;50.609
release-0-bounded-lhs-1-neg-always;baseline;0.614;0.596;0.010;0.528575
release-0-bounded-lhs-1-neg-always;2n;1.405;1.383;0.012;1.22162
release-0-bounded-lhs-1-neg-always;2l;1.255;1.234;0.017;1.10301
release-0-bounded-lhs-1-neg-always;2c;2.898;2.870;0.017;2.55472
release-0-bounded-lhs-1-neg-always;4n;3.229;3.199;0.026;2.71026
release-0-bounded-lhs-1-neg-always;4l;2.538;2.510;0.023;2.25226
release-0-bounded-lhs-1-neg-always;4c;13.686;13.606;0.054;11.415
release-0-bounded-lhs-1-neg-always;8n;7.334;7.293;0.034;6.02141
release-0-bounded-lhs-1-neg-always;8l;5.355;5.316;0.029;4.80533
release-0-bounded-lhs-1-neg-always;8c;61.196;61.015;0.170;50.3924
release-0-bounded-lhs-1-neg-always;baseline;0.596;0.577;0.014;0.513019
release-0-bounded-lhs-1-neg-always;2n;1.435;1.411;0.016;1.24254
release-0-bounded-lhs-1-neg-always;2l;1.241;1.219;0.012;1.08908
release-0-bounded-lhs-1-neg-always;2c;2.902;2.875;0.016;2.55731
release-0-bounded-lhs-1-neg-always;4n;3.250;3.219;0.026;2.7329
release-0-bounded-lhs-1-neg-always;4l;2.600;2.556;0.023;2.29186
release-0-bounded-lhs-1-neg-always;4c;13.588;13.527;0.053;11.3385
release-0-bounded-lhs-1-neg-always;8n;7.367;7.323;0.033;6.03605
release-0-bounded-lhs-1-neg-always;8l;5.320;5.279;0.033;4.76455
release-0-bounded-lhs-1-neg-always;8c;61.239;61.050;0.180;50.3863
release-0-bounded-lhs-1-neg-until;baseline;0.425;0.404;0.011;0.349651
release-0-bounded-lhs-1-neg-until;2n;1.031;0.993;0.015;0.866078
release-0-bounded-lhs-1-neg-until;2l;0.862;0.840;0.011;0.730543
release-0-bounded-lhs-1-neg-until;2c;1.947;1.923;0.014;1.68549
release-0-bounded-lhs-1-neg-until;4n;2.238;2.209;0.024;1.84388
release-0-bounded-lhs-1-neg-until;4l;1.783;1.757;0.018;1.54963
release-0-bounded-lhs-1-neg-until;4c;9.508;9.453;0.047;7.90423
release-0-bounded-lhs-1-neg-until;8n;5.105;5.069;0.030;4.12832
release-0-bounded-lhs-1-neg-until;8l;3.637;3.600;0.026;3.19618
release-0-bounded-lhs-1-neg-until;8c;42.676;42.529;0.137;34.2262
release-0-bounded-lhs-1-neg-until;baseline;0.419;0.401;0.008;0.347648
release-0-bounded-lhs-1-neg-until;2n;0.985;0.965;0.015;0.84005
release-0-bounded-lhs-1-neg-until;2l;0.844;0.824;0.010;0.717758
release-0-bounded-lhs-1-neg-until;2c;1.940;1.915;0.020;1.67683
release-0-bounded-lhs-1-neg-until;4n;2.210;2.185;0.020;1.82699
release-0-bounded-lhs-1-neg-until;4l;1.800;1.776;0.014;1.56791
release-0-bounded-lhs-1-neg-until;4c;9.517;9.466;0.043;7.9181
release-0-bounded-lhs-1-neg-until;8n;5.211;5.145;0.034;4.19375
release-0-bounded-lhs-1-neg-until;8l;3.656;3.623;0.024;3.22047
release-0-bounded-lhs-1-neg-until;8c;42.690;42.546;0.134;34.2299
release-0-bounded-lhs-1-neg-until;baseline;0.428;0.405;0.019;0.350224
release-0-bounded-lhs-1-neg-until;2n;0.983;0.962;0.011;0.83812
release-0-bounded-lhs-1-neg-until;2l;0.854;0.832;0.017;0.724284
release-0-bounded-lhs-1-neg-until;2c;1.967;1.940;0.018;1.69876
release-0-bounded-lhs-1-neg-until;4n;2.211;2.184;0.021;1.82236
release-0-bounded-lhs-1-neg-until;4l;1.768;1.744;0.017;1.53839
release-0-bounded-lhs-1-neg-until;4c;9.449;9.373;0.040;7.8308
release-0-bounded-lhs-1-neg-until;8n;5.146;5.111;0.025;4.16215
release-0-bounded-lhs-1-neg-until;8l;3.646;3.612;0.029;3.20211
release-0-bounded-lhs-1-neg-until;8c;42.765;42.619;0.136;34.3276
release-0-bounded-lhs-1-neg-until;baseline;0.423;0.404;0.009;0.350142
release-0-bounded-lhs-1-neg-until;2n;0.995;0.973;0.013;0.848462
release-0-bounded-lhs-1-neg-until;2l;0.849;0.829;0.016;0.722537
release-0-bounded-lhs-1-neg-until;2c;1.966;1.941;0.015;1.7024
release-0-bounded-lhs-1-neg-until;4n;2.230;2.204;0.016;1.83882
release-0-bounded-lhs-1-neg-until;4l;1.795;1.769;0.015;1.56144
release-0-bounded-lhs-1-neg-until;4c;9.444;9.394;0.040;7.84664
release-0-bounded-lhs-1-neg-until;8n;5.178;5.143;0.026;4.1925
release-0-bounded-lhs-1-neg-until;8l;3.658;3.624;0.022;3.21769
release-0-bounded-lhs-1-neg-until;8c;42.958;42.813;0.134;34.4334
release-0-bounded-lhs-1-neg-until;baseline;0.435;0.417;0.009;0.362158
release-0-bounded-lhs-1-neg-until;2n;0.992;0.971;0.011;0.845155
release-0-bounded-lhs-1-neg-until;2l;0.882;0.860;0.015;0.749704
release-0-bounded-lhs-1-neg-until;2c;1.993;1.970;0.014;1.7302
release-0-bounded-lhs-1-neg-until;4n;2.238;2.213;0.016;1.84972
release-0-bounded-lhs-1-neg-until;4l;1.803;1.776;0.018;1.56897
release-0-bounded-lhs-1-neg-until;4c;9.572;9.520;0.041;7.9692
release-0-bounded-lhs-1-neg-until;8n;5.193;5.130;0.029;4.1761
release-0-bounded-lhs-1-neg-until;8l;3.634;3.602;0.021;3.19482
release-0-bounded-lhs-1-neg-until;8c;43.052;42.910;0.127;34.6157
release-0-bounded-lhs-1-neg-until;baseline;0.425;0.406;0.015;0.351355
release-0-bounded-lhs-1-neg-until;2n;1.005;0.983;0.014;0.85675
release-0-bounded-lhs-1-neg-until;2l;0.871;0.845;0.019;0.735337
release-0-bounded-lhs-1-neg-until;2c;1.987;1.960;0.017;1.72084
release-0-bounded-lhs-1-neg-until;4n;2.258;2.232;0.021;1.86257
release-0-bounded-lhs-1-neg-until;4l;1.792;1.765;0.018;1.55597
release-0-bounded-lhs-1-neg-until;4c;9.462;9.409;0.045;7.86572
release-0-bounded-lhs-1-neg-until;8n;5.159;5.122;0.026;4.17335
release-0-bounded-lhs-1-neg-until;8l;3.694;3.661;0.021;3.25552
release-0-bounded-lhs-1-neg-until;8c;42.634;42.492;0.122;34.1831
release-0-bounded-lhs-1-neg-until;baseline;0.428;0.405;0.018;0.35108
release-0-bounded-lhs-1-neg-until;2n;0.983;0.962;0.014;0.838002
release-0-bounded-lhs-1-neg-until;2l;0.845;0.825;0.011;0.716775
release-0-bounded-lhs-1-neg-until;2c;1.996;1.944;0.017;1.704
release-0-bounded-lhs-1-neg-until;4n;2.210;2.183;0.022;1.82194
release-0-bounded-lhs-1-neg-until;4l;1.793;1.767;0.017;1.55877
release-0-bounded-lhs-1-neg-until;4c;9.476;9.426;0.037;7.88485
release-0-bounded-lhs-1-neg-until;8n;5.147;5.112;0.024;4.16377
release-0-bounded-lhs-1-neg-until;8l;3.688;3.653;0.028;3.24678
release-0-bounded-lhs-1-neg-until;8c;42.713;42.572;0.128;34.2474
release-0-bounded-lhs-1-neg-until;baseline;0.431;0.412;0.010;0.357087
release-0-bounded-lhs-1-neg-until;2n;0.999;0.976;0.014;0.849782
release-0-bounded-lhs-1-neg-until;2l;0.860;0.840;0.011;0.732731
release-0-bounded-lhs-1-neg-until;2c;1.969;1.944;0.015;1.70343
release-0-bounded-lhs-1-neg-until;4n;2.226;2.199;0.021;1.83708
release-0-bounded-lhs-1-neg-until;4l;1.794;1.769;0.015;1.56105
release-0-bounded-lhs-1-neg-until;4c;9.463;9.411;0.048;7.86771
release-0-bounded-lhs-1-neg-until;8n;5.094;5.059;0.028;4.12404
release-0-bounded-lhs-1-neg-until;8l;3.710;3.651;0.025;3.24384
release-0-bounded-lhs-1-neg-until;8c;42.887;42.742;0.135;34.4084
release-0-bounded-lhs-1-neg-until;baseline;0.424;0.405;0.013;0.350886
release-0-bounded-lhs-1-neg-until;2n;0.972;0.951;0.011;0.828374
release-0-bounded-lhs-1-neg-until;2l;0.839;0.816;0.018;0.7105
release-0-bounded-lhs-1-neg-until;2c;1.969;1.944;0.015;1.70169
release-0-bounded-lhs-1-neg-until;4n;2.218;2.192;0.019;1.82901
release-0-bounded-lhs-1-neg-until;4l;1.795;1.767;0.019;1.55786
release-0-bounded-lhs-1-neg-until;4c;9.585;9.504;0.050;7.95977
release-0-bounded-lhs-1-neg-until;8n;5.211;5.176;0.023;4.21136
release-0-bounded-lhs-1-neg-until;8l;3.698;3.666;0.021;3.25954
release-0-bounded-lhs-1-neg-until;8c;42.532;42.388;0.135;34.098
release-0-bounded-lhs-1-neg-until;baseline;0.426;0.407;0.015;0.353535
release-0-bounded-lhs-1-neg-until;2n;0.984;0.964;0.010;0.840548
release-0-bounded-lhs-1-neg-until;2l;0.845;0.824;0.015;0.718545
release-0-bounded-lhs-1-neg-until;2c;1.964;1.937;0.018;1.69911
release-0-bounded-lhs-1-neg-until;4n;2.237;2.185;0.018;1.82645
release-0-bounded-lhs-1-neg-until;4l;1.790;1.764;0.015;1.55473
release-0-bounded-lhs-1-neg-until;4c;9.497;9.446;0.037;7.89329
release-0-bounded-lhs-1-neg-until;8n;5.133;5.099;0.023;4.15326
release-0-bounded-lhs-1-neg-until;8l;3.648;3.614;0.022;3.20798
release-0-bounded-lhs-1-neg-until;8c;42.896;42.754;0.129;34.4305
release-0-bounded-lhs-1-until;baseline;0.481;0.459;0.011;0.403227
release-0-bounded-lhs-1-until;2n;1.094;1.067;0.021;0.93908
release-0-bounded-lhs-1-until;2l;0.953;0.928;0.019;0.825548
release-0-bounded-lhs-1-until;2c;2.219;2.193;0.015;1.93693
release-0-bounded-lhs-1-until;4n;2.553;2.525;0.018;2.14865
release-0-bounded-lhs-1-until;4l;1.971;1.942;0.023;1.73128
release-0-bounded-lhs-1-until;4c;10.448;10.389;0.051;8.86316
release-0-bounded-lhs-1-until;8n;5.854;5.791;0.035;4.82506
release-0-bounded-lhs-1-until;8l;4.086;4.047;0.031;3.62945
release-0-bounded-lhs-1-until;8c;47.778;47.600;0.166;39.2956
release-0-bounded-lhs-1-until;baseline;0.462;0.444;0.009;0.391308
release-0-bounded-lhs-1-until;2n;1.083;1.062;0.012;0.937594
release-0-bounded-lhs-1-until;2l;0.961;0.940;0.011;0.837376
release-0-bounded-lhs-1-until;2c;2.193;2.166;0.016;1.91655
release-0-bounded-lhs-1-until;4n;2.526;2.499;0.018;2.1226
release-0-bounded-lhs-1-until;4l;1.988;1.947;0.020;1.73802
release-0-bounded-lhs-1-until;4c;10.351;10.297;0.044;8.77742
release-0-bounded-lhs-1-until;8n;5.858;5.820;0.029;4.85085
release-0-bounded-lhs-1-until;8l;4.018;3.981;0.031;3.56697
release-0-bounded-lhs-1-until;8c;47.615;47.444;0.158;39.1341
release-0-bounded-lhs-1-until;baseline;0.465;0.447;0.010;0.39385
release-0-bounded-lhs-1-until;2n;1.081;1.057;0.014;0.931953
release-0-bounded-lhs-1-until;2l;0.959;0.937;0.012;0.834614
release-0-bounded-lhs-1-until;2c;2.167;2.141;0.015;1.89728
release-0-bounded-lhs-1-until;4n;2.537;2.510;0.020;2.13446
release-0-bounded-lhs-1-until;4l;1.977;1.948;0.024;1.73825
release-0-bounded-lhs-1-until;4c;10.365;10.311;0.044;8.77957
release-0-bounded-lhs-1-until;8n;5.780;5.715;0.033;4.75832
release-0-bounded-lhs-1-until;8l;4.046;4.009;0.028;3.59395
release-0-bounded-lhs-1-until;8c;47.473;47.300;0.156;38.9368
release-0-bounded-lhs-1-until;baseline;0.462;0.441;0.012;0.387724
release-0-bounded-lhs-1-until;2n;1.083;1.062;0.011;0.937105
release-0-bounded-lhs-1-until;2l;0.942;0.921;0.011;0.819606
release-0-bounded-lhs-1-until;2c;2.217;2.165;0.017;1.91718
release-0-bounded-lhs-1-until;4n;2.496;2.467;0.019;2.09174
release-0-bounded-lhs-1-until;4l;1.976;1.951;0.020;1.73816
release-0-bounded-lhs-1-until;4c;10.418;10.364;0.042;8.84445
release-0-bounded-lhs-1-until;8n;5.792;5.755;0.031;4.78786
release-0-bounded-lhs-1-until;8l;4.049;4.016;0.023;3.60139
release-0-bounded-lhs-1-until;8c;47.849;47.673;0.162;39.2883
release-0-bounded-lhs-1-until;baseline;0.470;0.450;0.010;0.395677
release-0-bounded-lhs-1-until;2n;1.076;1.053;0.014;0.928297
release-0-bounded-lhs-1-until;2l;0.949;0.926;0.019;0.825248
release-0-bounded-lhs-1-until;2c;2.179;2.154;0.015;1.90575
release-0-bounded-lhs-1-until;4n;2.521;2.495;0.016;2.12077
release-0-bounded-lhs-1-until;4l;1.980;1.952;0.020;1.74337
release-0-bounded-lhs-1-until;4c;10.588;10.532;0.048;8.98999
release-0-bounded-lhs-1-until;8n;5.787;5.750;0.026;4.78386
release-0-bounded-lhs-1-until;8l;4.073;4.036;0.028;3.62023
release-0-bounded-lhs-1-until;8c;47.670;47.469;0.165;39.1176
release-0-bounded-lhs-1-until;baseline;0.461;0.443;0.009;0.390164
release-0-bounded-lhs-1-until;2n;1.099;1.075;0.016;0.944652
release-0-bounded-lhs-1-until;2l;0.949;0.928;0.012;0.825563
release-0-bounded-lhs-1-until;2c;2.212;2.186;0.016;1.93209
release-0-bounded-lhs-1-until;4n;2.506;2.477;0.024;2.10579
release-0-bounded-lhs-1-until;4l;1.976;1.950;0.015;1.74317
release-0-bounded-lhs-1-until;4c;10.379;10.324;0.043;8.80684
release-0-bounded-lhs-1-until;8n;5.780;5.744;0.026;4.77899
release-0-bounded-lhs-1-until;8l;4.063;4.002;0.033;3.58656
release-0-bounded-lhs-1-until;8c;47.567;47.396;0.163;39.029
release-0-bounded-lhs-1-until;baseline;0.478;0.458;0.012;0.403946
release-0-bounded-lhs-1-until;2n;1.078;1.057;0.011;0.932824
release-0-bounded-lhs-1-until;2l;0.949;0.928;0.012;0.825912
release-0-bounded-lhs-1-until;2c;2.207;2.181;0.016;1.93123
release-0-bounded-lhs-1-until;4n;2.514;2.486;0.020;2.11343
release-0-bounded-lhs-1-until;4l;1.987;1.962;0.020;1.75395
release-0-bounded-lhs-1-until;4c;10.400;10.344;0.042;8.81558
release-0-bounded-lhs-1-until;8n;5.810;5.772;0.026;4.80761
release-0-bounded-lhs-1-until;8l;4.043;4.004;0.029;3.58633
release-0-bounded-lhs-1-until;8c;47.747;47.548;0.159;39.2348
release-0-bounded-lhs-1-until;baseline;0.460;0.442;0.009;0.389266
release-0-bounded-lhs-1-until;2n;1.096;1.073;0.014;0.94532
release-0-bounded-lhs-1-until;2l;0.946;0.925;0.017;0.82191
release-0-bounded-lhs-1-until;2c;2.184;2.157;0.022;1.91117
release-0-bounded-lhs-1-until;4n;2.537;2.509;0.018;2.13501
release-0-bounded-lhs-1-until;4l;1.972;1.944;0.020;1.73621
release-0-bounded-lhs-1-until;4c;10.322;10.267;0.046;8.74882
release-0-bounded-lhs-1-until;8n;5.867;5.829;0.027;4.86007
release-0-bounded-lhs-1-until;8l;4.080;4.044;0.029;3.62153
release-0-bounded-lhs-1-until;8c;47.958;47.784;0.159;39.3948
release-0-bounded-lhs-1-until;baseline;0.461;0.442;0.015;0.389412
release-0-bounded-lhs-1-until;2n;1.082;1.059;0.015;0.933792
release-0-bounded-lhs-1-until;2l;0.950;0.927;0.014;0.823542
release-0-bounded-lhs-1-until;2c;2.188;2.162;0.016;1.91311
release-0-bounded-lhs-1-until;4n;2.556;2.524;0.024;2.1431
release-0-bounded-lhs-1-until;4l;1.961;1.935;0.015;1.7277
release-0-bounded-lhs-1-until;4c;10.538;10.480;0.053;8.94055
release-0-bounded-lhs-1-until;8n;5.785;5.747;0.027;4.79161
release-0-bounded-lhs-1-until;8l;4.045;4.010;0.023;3.59604
release-0-bounded-lhs-1-until;8c;47.663;47.489;0.160;39.1788
release-0-bounded-lhs-1-until;baseline;0.469;0.450;0.009;0.396912
release-0-bounded-lhs-1-until;2n;1.072;1.051;0.015;0.9248
release-0-bounded-lhs-1-until;2l;0.948;0.927;0.014;0.82564
release-0-bounded-lhs-1-until;2c;2.194;2.169;0.015;1.92162
release-0-bounded-lhs-1-until;4n;2.516;2.485;0.021;2.11093
release-0-bounded-lhs-1-until;4l;1.980;1.953;0.018;1.74574
release-0-bounded-lhs-1-until;4c;10.651;10.570;0.049;9.01837
release-0-bounded-lhs-1-until;8n;5.830;5.792;0.029;4.81352
release-0-bounded-lhs-1-until;8l;4.064;4.029;0.028;3.61092
release-0-bounded-lhs-1-until;8c;47.926;47.754;0.163;39.3916
release-0-bounded-lhs-2-always;baseline;0.589;0.569;0.010;0.499197
release-0-bounded-lhs-2-always;2n;1.385;1.347;0.019;1.17743
release-0-bounded-lhs-2-always;2l;1.196;1.173;0.016;1.03958
release-0-bounded-lhs-2-always;2c;2.802;2.773;0.022;2.44392
release-0-bounded-lhs-2-always;4n;3.134;3.103;0.025;2.57959
release-0-bounded-lhs-2-always;4l;2.471;2.441;0.023;2.16942
release-0-bounded-lhs-2-always;4c;12.964;12.899;0.055;10.6824
release-0-bounded-lhs-2-always;8n;7.235;7.166;0.040;5.92034
release-0-bounded-lhs-2-always;8l;5.120;5.077;0.036;4.53746
release-0-bounded-lhs-2-always;8c;59.200;58.982;0.186;48.1448
release-0-bounded-lhs-2-always;baseline;0.574;0.555;0.015;0.487833
release-0-bounded-lhs-2-always;2n;1.366;1.344;0.013;1.17361
release-0-bounded-lhs-2-always;2l;1.190;1.168;0.013;1.03444
release-0-bounded-lhs-2-always;2c;2.798;2.771;0.018;2.44237
release-0-bounded-lhs-2-always;4n;3.155;3.126;0.021;2.60133
release-0-bounded-lhs-2-always;4l;2.446;2.419;0.016;2.14917
release-0-bounded-lhs-2-always;4c;12.890;12.828;0.056;10.6191
release-0-bounded-lhs-2-always;8n;7.241;7.199;0.036;5.95164
release-0-bounded-lhs-2-always;8l;5.094;5.054;0.033;4.5171
release-0-bounded-lhs-2-always;8c;58.557;58.342;0.179;47.6309
release-0-bounded-lhs-2-always;baseline;0.594;0.560;0.010;0.49144
release-0-bounded-lhs-2-always;2n;1.372;1.351;0.012;1.18021
release-0-bounded-lhs-2-always;2l;1.199;1.177;0.013;1.04327
release-0-bounded-lhs-2-always;2c;2.792;2.764;0.019;2.43593
release-0-bounded-lhs-2-always;4n;3.156;3.123;0.023;2.60015
release-0-bounded-lhs-2-always;4l;2.461;2.431;0.024;2.16518
release-0-bounded-lhs-2-always;4c;13.099;13.036;0.050;10.7852
release-0-bounded-lhs-2-always;8n;7.196;7.152;0.036;5.88943
release-0-bounded-lhs-2-always;8l;5.138;5.098;0.031;4.55251
release-0-bounded-lhs-2-always;8c;58.611;58.424;0.176;47.7293
release-0-bounded-lhs-2-always;baseline;0.612;0.591;0.016;0.519997
release-0-bounded-lhs-2-always;2n;1.371;1.346;0.015;1.17748
release-0-bounded-lhs-2-always;2l;1.196;1.174;0.013;1.04039
release-0-bounded-lhs-2-always;2c;2.803;2.772;0.021;2.4419
release-0-bounded-lhs-2-always;4n;3.164;3.134;0.025;2.61138
release-0-bounded-lhs-2-always;4l;2.462;2.435;0.021;2.17064
release-0-bounded-lhs-2-always;4c;13.029;12.963;0.056;10.724
release-0-bounded-lhs-2-always;8n;7.251;7.209;0.035;5.95205
release-0-bounded-lhs-2-always;8l;5.081;5.042;0.032;4.49649
release-0-bounded-lhs-2-always;8c;59.140;58.952;0.181;48.2837
release-0-bounded-lhs-2-always;baseline;0.577;0.552;0.020;0.482251
release-0-bounded-lhs-2-always;2n;1.358;1.337;0.014;1.17114
release-0-bounded-lhs-2-always;2l;1.186;1.165;0.012;1.03088
release-0-bounded-lhs-2-always;2c;2.800;2.773;0.022;2.44378
release-0-bounded-lhs-2-always;4n;3.211;3.179;0.021;2.64972
release-0-bounded-lhs-2-always;4l;2.478;2.451;0.017;2.18634
release-0-bounded-lhs-2-always;4c;12.947;12.884;0.055;10.672
release-0-bounded-lhs-2-always;8n;7.184;7.139;0.038;5.90199
release-0-bounded-lhs-2-always;8l;5.096;5.054;0.030;4.51558
release-0-bounded-lhs-2-always;8c;58.475;58.288;0.174;47.65
release-0-bounded-lhs-2-always;baseline;0.601;0.552;0.020;0.485005
release-0-bounded-lhs-2-always;2n;1.403;1.360;0.013;1.1857
release-0-bounded-lhs-2-always;2l;1.199;1.177;0.012;1.04293
release-0-bounded-lhs-2-always;2c;2.810;2.778;0.022;2.44955
release-0-bounded-lhs-2-always;4n;3.127;3.099;0.020;2.57342
release-0-bounded-lhs-2-always;4l;2.435;2.406;0.023;2.14055
release-0-bounded-lhs-2-always;4c;12.877;12.816;0.051;10.6081
release-0-bounded-lhs-2-always;8n;7.187;7.127;0.041;5.86917
release-0-bounded-lhs-2-always;8l;5.049;5.012;0.027;4.47819
release-0-bounded-lhs-2-always;8c;58.955;58.766;0.177;48.1486
release-0-bounded-lhs-2-always;baseline;0.575;0.557;0.011;0.489758
release-0-bounded-lhs-2-always;2n;1.359;1.337;0.013;1.16914
release-0-bounded-lhs-2-always;2l;1.180;1.157;0.013;1.02436
release-0-bounded-lhs-2-always;2c;2.769;2.741;0.021;2.41313
release-0-bounded-lhs-2-always;4n;3.134;3.104;0.023;2.57699
release-0-bounded-lhs-2-always;4l;2.428;2.402;0.016;2.13699
release-0-bounded-lhs-2-always;4c;12.948;12.886;0.050;10.6534
release-0-bounded-lhs-2-always;8n;7.181;7.137;0.037;5.88645
release-0-bounded-lhs-2-always;8l;5.088;5.050;0.026;4.51257
release-0-bounded-lhs-2-always;8c;58.332;58.118;0.182;47.4837
release-0-bounded-lhs-2-always;baseline;0.580;0.561;0.009;0.492681
release-0-bounded-lhs-2-always;2n;1.346;1.324;0.012;1.1588
release-0-bounded-lhs-2-always;2l;1.182;1.160;0.011;1.02769
release-0-bounded-lhs-2-always;2c;2.782;2.754;0.020;2.42552
release-0-bounded-lhs-2-always;4n;3.126;3.094;0.025;2.57459
release-0-bounded-lhs-2-always;4l;2.444;2.413;0.022;2.14783
release-0-bounded-lhs-2-always;4c;12.941;12.880;0.047;10.6795
release-0-bounded-lhs-2-always;8n;7.124;7.081;0.035;5.83702
release-0-bounded-lhs-2-always;8l;5.097;5.058;0.027;4.51916
release-0-bounded-lhs-2-always;8c;61.890;61.701;0.177;50.6583
release-0-bounded-lhs-2-always;baseline;0.636;0.617;0.011;0.541945
release-0-bounded-lhs-2-always;2n;1.476;1.453;0.013;1.27452
release-0-bounded-lhs-2-always;2l;1.276;1.255;0.012;1.11257
release-0-bounded-lhs-2-always;2c;3.212;3.183;0.025;2.80709
release-0-bounded-lhs-2-always;4n;3.364;3.333;0.026;2.77941
release-0-bounded-lhs-2-always;4l;2.765;2.737;0.023;2.43935
release-0-bounded-lhs-2-always;4c;13.661;13.599;0.049;11.2734
release-0-bounded-lhs-2-always;8n;7.585;7.542;0.031;6.23535
release-0-bounded-lhs-2-always;8l;5.106;5.066;0.030;4.52965
release-0-bounded-lhs-2-always;8c;58.414;58.225;0.173;47.6219
release-0-bounded-lhs-2-always;baseline;0.579;0.555;0.020;0.486593
release-0-bounded-lhs-2-always;2n;1.367;1.344;0.019;1.17782
release-0-bounded-lhs-2-always;2l;1.192;1.171;0.012;1.03745
release-0-bounded-lhs-2-always;2c;2.838;2.783;0.025;2.45271
release-0-bounded-lhs-2-always;4n;3.155;3.123;0.023;2.60131
release-0-bounded-lhs-2-always;4l;2.466;2.438;0.017;2.17135
release-0-bounded-lhs-2-always;4c;12.940;12.879;0.047;10.6621
release-0-bounded-lhs-2-always;8n;7.191;7.145;0.038;5.8751
release-0-bounded-lhs-2-always;8l;5.124;5.061;0.031;4.51874
release-0-bounded-lhs-2-always;8c;59.227;59.023;0.177;48.3908
release-0-bounded-lhs-2-neg-always;baseline;0.616;0.595;0.011;0.526587
release-0-bounded-lhs-2-neg-always;2n;1.408;1.384;0.014;1.21538
release-0-bounded-lhs-2-neg-always;2l;1.258;1.237;0.014;1.10259
release-0-bounded-lhs-2-neg-always;2c;2.906;2.877;0.020;2.53211
release-0-bounded-lhs-2-neg-always;4n;3.302;3.266;0.030;2.75441
release-0-bounded-lhs-2-neg-always;4l;2.617;2.587;0.023;2.3166
release-0-bounded-lhs-2-neg-always;4c;13.606;13.540;0.057;11.2928
release-0-bounded-lhs-2-neg-always;8n;7.458;7.413;0.038;6.15317
release-0-bounded-lhs-2-neg-always;8l;5.400;5.360;0.033;4.81131
release-0-bounded-lhs-2-neg-always;8c;61.535;61.321;0.192;50.2844
release-0-bounded-lhs-2-neg-always;baseline;0.610;0.591;0.010;0.523548
release-0-bounded-lhs-2-neg-always;2n;1.392;1.368;0.015;1.20102
release-0-bounded-lhs-2-neg-always;2l;1.256;1.232;0.015;1.09867
release-0-bounded-lhs-2-neg-always;2c;2.909;2.882;0.017;2.53727
release-0-bounded-lhs-2-neg-always;4n;3.299;3.268;0.022;2.75953
release-0-bounded-lhs-2-neg-always;4l;2.616;2.584;0.022;2.31181
release-0-bounded-lhs-2-neg-always;4c;13.519;13.458;0.050;11.2059
release-0-bounded-lhs-2-neg-always;8n;7.433;7.394;0.030;6.14826
release-0-bounded-lhs-2-neg-always;8l;5.430;5.390;0.034;4.84462
release-0-bounded-lhs-2-neg-always;8c;61.624;61.438;0.176;50.4418
release-0-bounded-lhs-2-neg-always;baseline;0.597;0.578;0.009;0.511174
release-0-bounded-lhs-2-neg-always;2n;1.410;1.389;0.013;1.22064
release-0-bounded-lhs-2-neg-always;2l;1.238;1.217;0.012;1.08471
release-0-bounded-lhs-2-neg-always;2c;2.907;2.879;0.018;2.53347
release-0-bounded-lhs-2-neg-always;4n;3.318;3.273;0.025;2.76472
release-0-bounded-lhs-2-neg-always;4l;2.615;2.584;0.021;2.31294
release-0-bounded-lhs-2-neg-always;4c;13.723;13.658;0.055;11.3986
release-0-bounded-lhs-2-neg-always;8n;7.390;7.348;0.035;6.11073
release-0-bounded-lhs-2-neg-always;8l;5.428;5.364;0.030;4.81996
release-0-bounded-lhs-2-neg-always;8c;61.653;61.463;0.169;50.4581
release-0-bounded-lhs-2-neg-always;baseline;0.604;0.583;0.013;0.516139
release-0-bounded-lhs-2-neg-always;2n;1.395;1.372;0.014;1.20079
release-0-bounded-lhs-2-neg-always;2l;1.250;1.227;0.018;1.09392
release-0-bounded-lhs-2-neg-always;2c;2.897;2.865;0.026;2.52265
release-0-bounded-lhs-2-neg-always;4n;3.235;3.208;0.022;2.70361
release-0-bounded-lhs-2-neg-always;4l;2.596;2.569;0.019;2.29791
release-0-bounded-lhs-2-neg-always;4c;13.591;13.528;0.056;11.2787
release-0-bounded-lhs-2-neg-always;8n;7.495;7.453;0.031;6.20045
release-0-bounded-lhs-2-neg-always;8l;5.412;5.373;0.027;4.82832
release-0-bounded-lhs-2-neg-always;8c;61.792;61.608;0.172;50.5823
release-0-bounded-lhs-2-neg-always;baseline;0.614;0.592;0.013;0.523535
release-0-bounded-lhs-2-neg-always;2n;1.400;1.377;0.015;1.20546
release-0-bounded-lhs-2-neg-always;2l;1.238;1.212;0.016;1.08195
release-0-bounded-lhs-2-neg-always;2c;2.912;2.885;0.018;2.53943
release-0-bounded-lhs-2-neg-always;4n;3.241;3.213;0.019;2.70592
release-0-bounded-lhs-2-neg-always;4l;2.584;2.556;0.021;2.28297
release-0-bounded-lhs-2-neg-always;4c;13.571;13.506;0.051;11.2474
release-0-bounded-lhs-2-neg-always;8n;7.380;7.340;0.028;6.10103
release-0-bounded-lhs-2-neg-always;8l;5.416;5.378;0.028;4.83484
release-0-bounded-lhs-2-neg-always;8c;60.943;60.754;0.172;49.8214
release-0-bounded-lhs-2-neg-always;baseline;0.600;0.581;0.016;0.513055
release-0-bounded-lhs-2-neg-always;2n;1.430;1.407;0.013;1.23697
release-0-bounded-lhs-2-neg-always;2l;1.249;1.227;0.012;1.09482
release-0-bounded-lhs-2-neg-always;2c;2.905;2.873;0.024;2.52267
release-0-bounded-lhs-2-neg-always;4n;3.275;3.231;0.018;2.72198
release-0-bounded-lhs-2-neg-always;4l;2.601;2.571;0.020;2.29832
release-0-bounded-lhs-2-neg-always;4c;13.537;13.472;0.051;11.231
release-0-bounded-lhs-2-neg-always;8n;7.417;7.375;0.036;6.13109
release-0-bounded-lhs-2-neg-always;8l;5.426;5.362;0.031;4.80682
release-0-bounded-lhs-2-neg-always;8c;61.105;60.915;0.167;50.0321
release-0-bounded-lhs-2-neg-always;baseline;0.611;0.592;0.010;0.522354
release-0-bounded-lhs-2-neg-always;2n;1.400;1.376;0.014;1.20722
release-0-bounded-lhs-2-neg-always;2l;1.228;1.204;0.015;1.07407
release-0-bounded-lhs-2-neg-always;2c;2.907;2.878;0.023;2.53399
release-0-bounded-lhs-2-neg-always;4n;3.270;3.240;0.019;2.73498
release-0-bounded-lhs-2-neg-always;4l;2.588;2.562;0.020;2.29238
release-0-bounded-lhs-2-neg-always;4c;13.523;13.460;0.051;11.2207
release-0-bounded-lhs-2-neg-always;8n;7.415;7.373;0.036;6.12673
release-0-bounded-lhs-2-neg-always;8l;5.386;5.349;0.027;4.79832
release-0-bounded-lhs-2-neg-always;8c;61.389;61.169;0.186;50.1428
release-0-bounded-lhs-2-neg-always;baseline;0.614;0.593;0.013;0.524866
release-0-bounded-lhs-2-neg-always;2n;1.390;1.367;0.014;1.19881
release-0-bounded-lhs-2-neg-always;2l;1.250;1.228;0.012;1.09625
release-0-bounded-lhs-2-neg-always;2c;2.872;2.844;0.021;2.50311
release-0-bounded-lhs-2-neg-always;4n;3.226;3.198;0.019;2.69217
release-0-bounded-lhs-2-neg-always;4l;2.589;2.558;0.026;2.28719
release-0-bounded-lhs-2-neg-always;4c;13.621;13.533;0.051;11.3097
release-0-bounded-lhs-2-neg-always;8n;7.358;7.319;0.029;6.07383
release-0-bounded-lhs-2-neg-always;8l;5.353;5.313;0.031;4.76913
release-0-bounded-lhs-2-neg-always;8c;61.176;60.964;0.177;49.9815
release-0-bounded-lhs-2-neg-always;baseline;0.599;0.579;0.015;0.512966
release-0-bounded-lhs-2-neg-always;2n;1.395;1.374;0.012;1.20667
release-0-bounded-lhs-2-neg-always;2l;1.263;1.241;0.013;1.10742
release-0-bounded-lhs-2-neg-always;2c;2.905;2.878;0.017;2.53437
release-0-bounded-lhs-2-neg-always;4n;3.270;3.217;0.018;2.7141
release-0-bounded-lhs-2-neg-always;4l;2.625;2.596;0.023;2.32777
release-0-bounded-lhs-2-neg-always;4c;13.480;13.417;0.052;11.1673
release-0-bounded-lhs-2-neg-always;8n;7.355;7.311;0.032;6.07439
release-0-bounded-lhs-2-neg-always;8l;5.436;5.371;0.031;4.82162
release-0-bounded-lhs-2-neg-always;8c;61.333;61.143;0.173;50.1617
release-0-bounded-lhs-2-neg-always;baseline;0.601;0.581;0.012;0.51351
release-0-bounded-lhs-2-neg-always;2n;1.390;1.367;0.012;1.19951
release-0-bounded-lhs-2-neg-always;2l;1.237;1.213;0.015;1.08183
release-0-bounded-lhs-2-neg-always;2c;2.907;2.879;0.022;2.53549
release-0-bounded-lhs-2-neg-always;4n;3.239;3.211;0.019;2.70578
release-0-bounded-lhs-2-neg-always;4l;2.583;2.556;0.017;2.28506
release-0-bounded-lhs-2-neg-always;4c;13.637;13.576;0.047;11.3226
release-0-bounded-lhs-2-neg-always;8n;7.417;7.362;0.032;6.12357
release-0-bounded-lhs-2-neg-always;8l;5.381;5.340;0.028;4.79526
release-0-bounded-lhs-2-neg-always;8c;61.227;61.013;0.181;50.0689
release-0-bounded-lhs-2-neg-until;baseline;0.410;0.389;0.011;0.334116
release-0-bounded-lhs-2-neg-until;2n;0.999;0.975;0.015;0.846413
release-0-bounded-lhs-2-neg-until;2l;0.856;0.835;0.012;0.724231
release-0-bounded-lhs-2-neg-until;2c;2.016;1.984;0.021;1.73067
release-0-bounded-lhs-2-neg-until;4n;2.297;2.270;0.022;1.87349
release-0-bounded-lhs-2-neg-until;4l;1.767;1.740;0.021;1.52349
release-0-bounded-lhs-2-neg-until;4c;9.312;9.259;0.042;7.60214
release-0-bounded-lhs-2-neg-until;8n;5.286;5.222;0.031;4.23677
release-0-bounded-lhs-2-neg-until;8l;3.764;3.728;0.029;3.28793
release-0-bounded-lhs-2-neg-until;8c;43.364;43.216;0.135;34.4316
release-0-bounded-lhs-2-neg-until;baseline;0.410;0.390;0.015;0.334754
release-0-bounded-lhs-2-neg-until;2n;0.989;0.968;0.011;0.842061
release-0-bounded-lhs-2-neg-until;2l;0.850;0.830;0.012;0.720669
release-0-bounded-lhs-2-neg-until;2c;1.991;1.967;0.015;1.71007
release-0-bounded-lhs-2-neg-until;4n;2.310;2.282;0.019;1.89089
release-0-bounded-lhs-2-neg-until;4l;1.809;1.759;0.015;1.53737
release-0-bounded-lhs-2-neg-until;4c;9.257;9.208;0.040;7.56274
release-0-bounded-lhs-2-neg-until;8n;5.196;5.163;0.025;4.19488
release-0-bounded-lhs-2-neg-until;8l;3.726;3.691;0.029;3.25263
release-0-bounded-lhs-2-neg-until;8c;43.380;43.202;0.143;34.4017
release-0-bounded-lhs-2-neg-until;baseline;0.413;0.396;0.011;0.341138
release-0-bounded-lhs-2-neg-until;2n;0.985;0.964;0.012;0.838505
release-0-bounded-lhs-2-neg-until;2l;0.839;0.819;0.013;0.710187
release-0-bounded-lhs-2-neg-until;2c;1.998;1.971;0.017;1.71768
release-0-bounded-lhs-2-neg-until;4n;2.283;2.258;0.019;1.86787
release-0-bounded-lhs-2-neg-until;4l;1.758;1.732;0.016;1.51428
release-0-bounded-lhs-2-neg-until;4c;9.368;9.314;0.047;7.6738
release-0-bounded-lhs-2-neg-until;8n;5.243;5.207;0.028;4.22315
release-0-bounded-lhs-2-neg-until;8l;3.777;3.742;0.027;3.30454
release-0-bounded-lhs-2-neg-until;8c;43.468;43.319;0.135;34.5201
release-0-bounded-lhs-2-neg-until;baseline;0.404;0.386;0.009;0.330872
release-0-bounded-lhs-2-neg-until;2n;0.981;0.959;0.013;0.832422
release-0-bounded-lhs-2-neg-until;2l;0.857;0.834;0.018;0.725235
release-0-bounded-lhs-2-neg-until;2c;2.006;1.982;0.019;1.72366
release-0-bounded-lhs-2-neg-until;4n;2.323;2.295;0.023;1.90111
release-0-bounded-lhs-2-neg-until;4l;1.762;1.735;0.022;1.51952
release-0-bounded-lhs-2-neg-until;4c;9.367;9.287;0.049;7.63577
release-0-bounded-lhs-2-neg-until;8n;5.219;5.186;0.026;4.21765
release-0-bounded-lhs-2-neg-until;8l;3.724;3.690;0.027;3.24666
release-0-bounded-lhs-2-neg-until;8c;43.165;43.018;0.135;34.2375
release-0-bounded-lhs-2-neg-until;baseline;0.415;0.394;0.013;0.339008
release-0-bounded-lhs-2-neg-until;2n;0.981;0.961;0.011;0.835794
release-0-bounded-lhs-2-neg-until;2l;0.853;0.831;0.017;0.719125
release-0-bounded-lhs-2-neg-until;2c;2.005;1.979;0.015;1.72612
release-0-bounded-lhs-2-neg-until;4n;2.315;2.290;0.017;1.8961
release-0-bounded-lhs-2-neg-until;4l;1.806;1.753;0.022;1.53301
release-0-bounded-lhs-2-neg-until;4c;9.338;9.287;0.042;7.6408
release-0-bounded-lhs-2-neg-until;8n;5.205;5.168;0.031;4.19726
release-0-bounded-lhs-2-neg-until;8l;3.743;3.708;0.026;3.27013
release-0-bounded-lhs-2-neg-until;8c;43.479;43.332;0.128;34.5358
release-0-bounded-lhs-2-neg-until;baseline;0.406;0.387;0.010;0.331506
release-0-bounded-lhs-2-neg-until;2n;0.989;0.969;0.011;0.841055
release-0-bounded-lhs-2-neg-until;2l;0.845;0.825;0.016;0.716261
release-0-bounded-lhs-2-neg-until;2c;2.008;1.981;0.018;1.72692
release-0-bounded-lhs-2-neg-until;4n;2.308;2.281;0.017;1.88567
release-0-bounded-lhs-2-neg-until;4l;1.729;1.704;0.019;1.48627
release-0-bounded-lhs-2-neg-until;4c;9.269;9.218;0.038;7.58694
release-0-bounded-lhs-2-neg-until;8n;5.243;5.206;0.030;4.23982
release-0-bounded-lhs-2-neg-until;8l;3.738;3.704;0.027;3.26594
release-0-bounded-lhs-2-neg-until;8c;43.409;43.261;0.134;34.4404
release-0-bounded-lhs-2-neg-until;baseline;0.406;0.388;0.009;0.332747
release-0-bounded-lhs-2-neg-until;2n;0.986;0.965;0.011;0.837736
release-0-bounded-lhs-2-neg-until;2l;0.852;0.833;0.012;0.721607
release-0-bounded-lhs-2-neg-until;2c;2.029;2.005;0.014;1.74809
release-0-bounded-lhs-2-neg-until;4n;2.344;2.316;0.025;1.91906
release-0-bounded-lhs-2-neg-until;4l;1.755;1.730;0.020;1.51451
release-0-bounded-lhs-2-neg-until;4c;9.415;9.347;0.046;7.68586
release-0-bounded-lhs-2-neg-until;8n;5.229;5.193;0.026;4.21796
release-0-bounded-lhs-2-neg-until;8l;3.747;3.714;0.027;3.27641
release-0-bounded-lhs-2-neg-until;8c;43.107;42.961;0.135;34.1886
release-0-bounded-lhs-2-neg-until;baseline;0.401;0.383;0.009;0.328684
release-0-bounded-lhs-2-neg-until;2n;0.974;0.953;0.011;0.825149
release-0-bounded-lhs-2-neg-until;2l;0.865;0.841;0.018;0.730772
release-0-bounded-lhs-2-neg-until;2c;2.012;1.987;0.015;1.73076
release-0-bounded-lhs-2-neg-until;4n;2.348;2.322;0.018;1.92442
release-0-bounded-lhs-2-neg-until;4l;1.767;1.743;0.017;1.52798
release-0-bounded-lhs-2-neg-until;4c;9.250;9.200;0.043;7.56334
release-0-bounded-lhs-2-neg-until;8n;5.226;5.191;0.023;4.22531
release-0-bounded-lhs-2-neg-until;8l;3.724;3.693;0.021;3.25591
release-0-bounded-lhs-2-neg-until;8c;43.386;43.214;0.135;34.4217
release-0-bounded-lhs-2-neg-until;baseline;0.406;0.387;0.009;0.331751
release-0-bounded-lhs-2-neg-until;2n;0.988;0.967;0.011;0.839622
release-0-bounded-lhs-2-neg-until;2l;0.859;0.837;0.014;0.725207
release-0-bounded-lhs-2-neg-until;2c;2.021;1.996;0.015;1.73906
release-0-bounded-lhs-2-neg-until;4n;2.331;2.306;0.016;1.90817
release-0-bounded-lhs-2-neg-until;4l;1.749;1.723;0.021;1.50343
release-0-bounded-lhs-2-neg-until;4c;9.259;9.209;0.038;7.55463
release-0-bounded-lhs-2-neg-until;8n;5.239;5.204;0.024;4.22616
release-0-bounded-lhs-2-neg-until;8l;3.754;3.699;0.026;3.25857
release-0-bounded-lhs-2-neg-until;8c;43.640;43.496;0.131;34.7158
release-0-bounded-lhs-2-neg-until;baseline;0.415;0.397;0.009;0.34215
release-0-bounded-lhs-2-neg-until;2n;0.978;0.957;0.012;0.830202
release-0-bounded-lhs-2-neg-until;2l;0.844;0.824;0.012;0.715355
release-0-bounded-lhs-2-neg-until;2c;2.026;2.001;0.016;1.74332
release-0-bounded-lhs-2-neg-until;4n;2.341;2.314;0.018;1.91447
release-0-bounded-lhs-2-neg-until;4l;1.760;1.732;0.023;1.51501
release-0-bounded-lhs-2-neg-until;4c;9.369;9.290;0.049;7.64351
release-0-bounded-lhs-2-neg-until;8n;5.215;5.178;0.026;4.20589
release-0-bounded-lhs-2-neg-until;8l;3.749;3.716;0.022;3.27559
release-0-bounded-lhs-2-neg-until;8c;43.176;43.026;0.134;34.2169
release-0-bounded-lhs-2-until;baseline;0.464;0.445;0.010;0.388347
release-0-bounded-lhs-2-until;2n;1.094;1.069;0.016;0.9345
release-0-bounded-lhs-2-until;2l;0.966;0.944;0.014;0.834718
release-0-bounded-lhs-2-until;2c;2.231;2.201;0.019;1.93353
release-0-bounded-lhs-2-until;4n;2.558;2.503;0.018;2.10901
release-0-bounded-lhs-2-until;4l;1.934;1.903;0.024;1.69058
release-0-bounded-lhs-2-until;4c;10.487;10.428;0.052;8.79217
release-0-bounded-lhs-2-until;8n;5.822;5.782;0.032;4.76698
release-0-bounded-lhs-2-until;8l;4.121;4.083;0.032;3.6382
release-0-bounded-lhs-2-until;8c;47.144;46.964;0.171;38.4635
release-0-bounded-lhs-2-until;baseline;0.463;0.442;0.012;0.385914
release-0-bounded-lhs-2-until;2n;1.104;1.079;0.015;0.943781
release-0-bounded-lhs-2-until;2l;0.972;0.951;0.012;0.837937
release-0-bounded-lhs-2-until;2c;2.238;2.210;0.018;1.94409
release-0-bounded-lhs-2-until;4n;2.552;2.524;0.022;2.13436
release-0-bounded-lhs-2-until;4l;1.945;1.917;0.020;1.70494
release-0-bounded-lhs-2-until;4c;10.460;10.403;0.048;8.76964
release-0-bounded-lhs-2-until;8n;5.836;5.797;0.029;4.78803
release-0-bounded-lhs-2-until;8l;4.176;4.139;0.031;3.69074
release-0-bounded-lhs-2-until;8c;48.379;48.148;0.200;39.4849
release-0-bounded-lhs-2-until;baseline;0.498;0.474;0.014;0.414592
release-0-bounded-lhs-2-until;2n;1.169;1.120;0.015;0.984635
release-0-bounded-lhs-2-until;2l;1.020;0.998;0.012;0.883977
release-0-bounded-lhs-2-until;2c;2.384;2.353;0.022;2.07406
release-0-bounded-lhs-2-until;4n;2.669;2.637;0.025;2.22746
release-0-bounded-lhs-2-until;4l;2.051;2.017;0.028;1.79736
release-0-bounded-lhs-2-until;4c;11.057;10.986;0.058;9.27882
release-0-bounded-lhs-2-until;8n;6.184;6.135;0.038;5.05281
release-0-bounded-lhs-2-until;8l;4.426;4.357;0.039;3.89313
release-0-bounded-lhs-2-until;8c;49.838;49.594;0.218;40.6234
release-0-bounded-lhs-2-until;baseline;0.471;0.451;0.011;0.393874
release-0-bounded-lhs-2-until;2n;1.154;1.131;0.018;0.992919
release-0-bounded-lhs-2-until;2l;1.008;0.984;0.017;0.873256
release-0-bounded-lhs-2-until;2c;2.329;2.299;0.018;2.02329
release-0-bounded-lhs-2-until;4n;2.639;2.603;0.025;2.20091
release-0-bounded-lhs-2-until;4l;2.020;1.990;0.024;1.77076
release-0-bounded-lhs-2-until;4c;11.073;11.002;0.057;9.28879
release-0-bounded-lhs-2-until;8n;6.182;6.130;0.043;5.07859
release-0-bounded-lhs-2-until;8l;4.340;4.299;0.029;3.84106
release-0-bounded-lhs-2-until;8c;49.840;49.587;0.224;40.6815
release-0-bounded-lhs-2-until;baseline;0.481;0.461;0.010;0.403186
release-0-bounded-lhs-2-until;2n;1.155;1.131;0.019;0.99426
release-0-bounded-lhs-2-until;2l;1.026;1.001;0.017;0.887329
release-0-bounded-lhs-2-until;2c;2.351;2.319;0.020;2.04762
release-0-bounded-lhs-2-until;4n;2.708;2.672;0.027;2.25576
release-0-bounded-lhs-2-until;4l;2.047;2.016;0.022;1.79693
release-0-bounded-lhs-2-until;4c;11.071;10.983;0.066;9.27331
release-0-bounded-lhs-2-until;8n;6.138;6.091;0.037;5.03301
release-0-bounded-lhs-2-until;8l;4.391;4.349;0.033;3.87819
release-0-bounded-lhs-2-until;8c;49.912;49.634;0.224;40.7041
release-0-bounded-lhs-2-until;baseline;0.487;0.466;0.012;0.408136
release-0-bounded-lhs-2-until;2n;1.141;1.116;0.021;0.980496
release-0-bounded-lhs-2-until;2l;1.013;0.989;0.015;0.874523
release-0-bounded-lhs-2-until;2c;2.349;2.317;0.024;2.0424
release-0-bounded-lhs-2-until;4n;2.630;2.596;0.024;2.18394
release-0-bounded-lhs-2-until;4l;2.023;1.995;0.019;1.77669
release-0-bounded-lhs-2-until;4c;11.080;11.008;0.053;9.28215
release-0-bounded-lhs-2-until;8n;6.231;6.155;0.043;5.09063
release-0-bounded-lhs-2-until;8l;4.352;4.311;0.029;3.84235
release-0-bounded-lhs-2-until;8c;50.320;50.073;0.212;41.1545
release-0-bounded-lhs-2-until;baseline;0.486;0.467;0.010;0.408961
release-0-bounded-lhs-2-until;2n;1.140;1.117;0.015;0.980004
release-0-bounded-lhs-2-until;2l;1.012;0.989;0.013;0.877938
release-0-bounded-lhs-2-until;2c;2.406;2.348;0.024;2.0739
release-0-bounded-lhs-2-until;4n;2.642;2.610;0.026;2.20782
release-0-bounded-lhs-2-until;4l;2.035;2.002;0.023;1.78345
release-0-bounded-lhs-2-until;4c;11.133;11.061;0.053;9.35092
release-0-bounded-lhs-2-until;8n;6.157;6.107;0.041;5.04455
release-0-bounded-lhs-2-until;8l;4.344;4.303;0.028;3.84582
release-0-bounded-lhs-2-until;8c;49.614;49.369;0.210;40.4256
release-0-bounded-lhs-2-until;baseline;0.480;0.460;0.016;0.401687
release-0-bounded-lhs-2-until;2n;1.152;1.129;0.018;0.992619
release-0-bounded-lhs-2-until;2l;1.007;0.984;0.013;0.86997
release-0-bounded-lhs-2-until;2c;2.377;2.346;0.020;2.06028
release-0-bounded-lhs-2-until;4n;2.607;2.572;0.024;2.17066
release-0-bounded-lhs-2-until;4l;2.027;1.996;0.020;1.7777
release-0-bounded-lhs-2-until;4c;11.104;11.028;0.057;9.31913
release-0-bounded-lhs-2-until;8n;6.143;6.094;0.040;5.02642
release-0-bounded-lhs-2-until;8l;4.358;4.317;0.028;3.85537
release-0-bounded-lhs-2-until;8c;49.902;49.658;0.215;40.7302
release-0-bounded-lhs-2-until;baseline;0.477;0.459;0.010;0.400209
release-0-bounded-lhs-2-until;2n;1.163;1.136;0.020;0.994606
release-0-bounded-lhs-2-until;2l;1.002;0.980;0.018;0.867967
release-0-bounded-lhs-2-until;2c;2.339;2.310;0.020;2.03738
release-0-bounded-lhs-2-until;4n;2.636;2.602;0.022;2.19945
release-0-bounded-lhs-2-until;4l;2.021;1.993;0.018;1.77499
release-0-bounded-lhs-2-until;4c;11.061;10.990;0.059;9.29256
release-0-bounded-lhs-2-until;8n;6.232;6.183;0.038;5.1089
release-0-bounded-lhs-2-until;8l;4.452;4.409;0.030;3.94648
release-0-bounded-lhs-2-until;8c;49.769;49.525;0.213;40.6019
release-0-bounded-lhs-2-until;baseline;0.500;0.477;0.018;0.417211
release-0-bounded-lhs-2-until;2n;1.154;1.130;0.013;0.993407
release-0-bounded-lhs-2-until;2l;1.025;1.001;0.019;0.887344
release-0-bounded-lhs-2-until;2c;2.365;2.334;0.024;2.06109
release-0-bounded-lhs-2-until;4n;2.622;2.593;0.018;2.18965
release-0-bounded-lhs-2-until;4l;2.068;2.037;0.023;1.81606
release-0-bounded-lhs-2-until;4c;11.068;10.994;0.060;9.26167
release-0-bounded-lhs-2-until;8n;6.119;6.071;0.037;4.99968
release-0-bounded-lhs-2-until;8l;4.842;4.778;0.039;4.28064
release-0-bounded-lhs-2-until;8c;53.987;53.740;0.220;44.2149
release-a-bounded-lhs-2-always;baseline;1.301;1.269;0.026;1.26501
release-a-bounded-lhs-2-always;2n;2.836;2.794;0.029;2.78809
release-a-bounded-lhs-2-always;2l;5.310;5.226;0.046;5.23553
release-a-bounded-lhs-2-always;2c;11.669;11.569;0.082;11.5948
release-a-bounded-lhs-2-always;4n;6.201;6.131;0.052;6.11863
release-a-bounded-lhs-2-always;4l;22.524;22.348;0.155;22.4407
release-a-bounded-lhs-2-always;4c;109.509;108.782;0.639;109.182
release-a-bounded-lhs-2-always;8n;13.900;13.787;0.097;13.7047
release-a-bounded-lhs-2-always;8l;98.334;97.648;0.626;98.1529
release-a-bounded-lhs-2-always;8c;1032.363;1026.910;5.045;1030.21
release-a-bounded-lhs-2-always;baseline;1.239;1.196;0.020;1.18977
release-a-bounded-lhs-2-always;2n;2.630;2.594;0.024;2.58785
release-a-bounded-lhs-2-always;2l;4.951;4.897;0.039;4.90053
release-a-bounded-lhs-2-always;2c;10.943;10.861;0.063;10.87
release-a-bounded-lhs-2-always;4n;5.906;5.818;0.050;5.79967
release-a-bounded-lhs-2-always;4l;21.500;21.351;0.137;21.4163
release-a-bounded-lhs-2-always;4c;104.327;103.753;0.553;104.02
release-a-bounded-lhs-2-always;8n;12.911;12.819;0.077;12.7299
release-a-bounded-lhs-2-always;8l;92.246;91.689;0.535;92.0589
release-a-bounded-lhs-2-always;8c;980.346;976.080;4.187;978.271
release-a-bounded-lhs-2-always;baseline;1.231;1.204;0.022;1.19868
release-a-bounded-lhs-2-always;2n;2.633;2.592;0.032;2.58673
release-a-bounded-lhs-2-always;2l;4.977;4.926;0.042;4.92943
release-a-bounded-lhs-2-always;2c;11.111;11.001;0.077;11.0145
release-a-bounded-lhs-2-always;4n;5.891;5.830;0.049;5.81216
release-a-bounded-lhs-2-always;4l;21.288;21.115;0.143;21.1799
release-a-bounded-lhs-2-always;4c;103.507;102.915;0.554;103.178
release-a-bounded-lhs-2-always;8n;13.076;12.969;0.085;12.8794
release-a-bounded-lhs-2-always;8l;92.595;92.007;0.545;92.3781
release-a-bounded-lhs-2-always;8c;977.845;973.642;4.142;975.768
release-a-bounded-lhs-2-always;baseline;1.226;1.197;0.019;1.19178
release-a-bounded-lhs-2-always;2n;2.639;2.600;0.028;2.594
release-a-bounded-lhs-2-always;2l;4.958;4.909;0.039;4.91297
release-a-bounded-lhs-2-always;2c;10.992;10.881;0.078;10.891
release-a-bounded-lhs-2-always;4n;5.858;5.798;0.053;5.78246
release-a-bounded-lhs-2-always;4l;21.152;21.007;0.133;21.0728
release-a-bounded-lhs-2-always;4c;103.552;102.968;0.550;103.228
release-a-bounded-lhs-2-always;8n;13.073;12.979;0.085;12.8848
release-a-bounded-lhs-2-always;8l;92.052;91.463;0.553;91.8293
release-a-bounded-lhs-2-always;8c;973.897;969.663;4.144;971.818
release-a-bounded-lhs-2-always;baseline;1.225;1.199;0.016;1.19291
release-a-bounded-lhs-2-always;2n;2.640;2.601;0.030;2.59335
release-a-bounded-lhs-2-always;2l;4.958;4.908;0.046;4.91083
release-a-bounded-lhs-2-always;2c;10.976;10.895;0.065;10.904
release-a-bounded-lhs-2-always;4n;5.868;5.809;0.045;5.79201
release-a-bounded-lhs-2-always;4l;21.321;21.175;0.142;21.2414
release-a-bounded-lhs-2-always;4c;103.380;102.815;0.549;103.076
release-a-bounded-lhs-2-always;8n;12.960;12.841;0.086;12.7537
release-a-bounded-lhs-2-always;8l;93.067;92.481;0.547;92.8489
release-a-bounded-lhs-2-always;8c;976.567;972.311;4.192;974.504
release-a-bounded-lhs-2-always;baseline;1.218;1.187;0.020;1.18066
release-a-bounded-lhs-2-always;2n;2.627;2.590;0.025;2.5828
release-a-bounded-lhs-2-always;2l;5.013;4.937;0.044;4.9407
release-a-bounded-lhs-2-always;2c;10.966;10.885;0.072;10.8948
release-a-bounded-lhs-2-always;4n;5.910;5.848;0.050;5.82854
release-a-bounded-lhs-2-always;4l;21.197;21.023;0.140;21.088
release-a-bounded-lhs-2-always;4c;103.245;102.683;0.547;102.939
release-a-bounded-lhs-2-always;8n;12.971;12.880;0.074;12.7931
release-a-bounded-lhs-2-always;8l;92.652;92.065;0.545;92.4431
release-a-bounded-lhs-2-always;8c;971.912;967.680;4.172;969.825
release-a-bounded-lhs-2-always;baseline;1.205;1.174;0.022;1.16798
release-a-bounded-lhs-2-always;2n;2.638;2.599;0.033;2.59207
release-a-bounded-lhs-2-always;2l;4.992;4.918;0.041;4.9205
release-a-bounded-lhs-2-always;2c;10.948;10.866;0.069;10.8764
release-a-bounded-lhs-2-always;4n;5.909;5.822;0.049;5.80361
release-a-bounded-lhs-2-always;4l;21.237;21.091;0.134;21.1575
release-a-bounded-lhs-2-always;4c;104.732;104.154;0.557;104.422
release-a-bounded-lhs-2-always;8n;14.521;14.425;0.086;14.3227
release-a-bounded-lhs-2-always;8l;93.879;93.311;0.547;93.6909
release-a-bounded-lhs-2-always;8c;977.925;973.600;4.203;975.805
release-a-bounded-lhs-2-always;baseline;1.244;1.205;0.024;1.19977
release-a-bounded-lhs-2-always;2n;2.645;2.606;0.029;2.5999
release-a-bounded-lhs-2-always;2l;4.976;4.925;0.044;4.92892
release-a-bounded-lhs-2-always;2c;10.941;10.856;0.079;10.8666
release-a-bounded-lhs-2-always;4n;5.864;5.805;0.048;5.78678
release-a-bounded-lhs-2-always;4l;21.218;21.072;0.138;21.136
release-a-bounded-lhs-2-always;4c;103.040;102.481;0.537;102.741
release-a-bounded-lhs-2-always;8n;13.180;13.085;0.080;12.9965
release-a-bounded-lhs-2-always;8l;92.296;91.745;0.533;92.1087
release-a-bounded-lhs-2-always;8c;975.548;971.335;4.143;973.466
release-a-bounded-lhs-2-always;baseline;1.247;1.213;0.016;1.20726
release-a-bounded-lhs-2-always;2n;2.619;2.582;0.025;2.57464
release-a-bounded-lhs-2-always;2l;5.010;4.961;0.042;4.96366
release-a-bounded-lhs-2-always;2c;11.005;10.923;0.067;10.9342
release-a-bounded-lhs-2-always;4n;5.900;5.838;0.052;5.81878
release-a-bounded-lhs-2-always;4l;21.347;21.202;0.132;21.2659
release-a-bounded-lhs-2-always;4c;103.582;103.004;0.542;103.266
release-a-bounded-lhs-2-always;8n;13.097;13.007;0.073;12.9168
release-a-bounded-lhs-2-always;8l;92.949;92.382;0.550;92.7571
release-a-bounded-lhs-2-always;8c;973.818;969.580;4.162;971.741
release-a-bounded-lhs-2-always;baseline;1.259;1.215;0.024;1.20959
release-a-bounded-lhs-2-always;2n;2.617;2.578;0.032;2.57155
release-a-bounded-lhs-2-always;2l;4.932;4.882;0.044;4.88463
release-a-bounded-lhs-2-always;2c;10.927;10.847;0.064;10.857
release-a-bounded-lhs-2-always;4n;5.812;5.754;0.045;5.73599
release-a-bounded-lhs-2-always;4l;21.197;21.052;0.133;21.1154
release-a-bounded-lhs-2-always;4c;103.450;102.883;0.552;103.153
release-a-bounded-lhs-2-always;8n;13.157;13.065;0.077;12.9775
release-a-bounded-lhs-2-always;8l;92.735;92.185;0.539;92.5483
release-a-bounded-lhs-2-always;8c;985.926;981.258;4.439;983.829
release-a-bounded-lhs-2-eventually;baseline;1.236;1.188;0.027;1.18613
release-a-bounded-lhs-2-eventually;2n;2.594;2.553;0.029;2.55398
release-a-bounded-lhs-2-eventually;2l;5.008;4.949;0.047;4.96279
release-a-bounded-lhs-2-eventually;2c;11.110;11.007;0.088;11.0474
release-a-bounded-lhs-2-eventually;4n;5.720;5.657;0.052;5.66114
release-a-bounded-lhs-2-eventually;4l;21.682;21.476;0.166;21.586
release-a-bounded-lhs-2-eventually;4c;106.705;105.960;0.690;106.459
release-a-bounded-lhs-2-eventually;8n;12.618;12.480;0.101;12.4766
release-a-bounded-lhs-2-eventually;8l;96.215;95.481;0.650;96.0048
release-a-bounded-lhs-2-eventually;8c;1027.544;1021.878;5.195;1026.68
release-a-bounded-lhs-2-eventually;baseline;1.168;1.134;0.022;1.13136
release-a-bounded-lhs-2-eventually;2n;2.581;2.538;0.031;2.53739
release-a-bounded-lhs-2-eventually;2l;5.015;4.955;0.047;4.96971
release-a-bounded-lhs-2-eventually;2c;11.087;10.989;0.083;11.0274
release-a-bounded-lhs-2-eventually;4n;5.716;5.653;0.049;5.65787
release-a-bounded-lhs-2-eventually;4l;21.849;21.643;0.165;21.7532
release-a-bounded-lhs-2-eventually;4c;106.489;105.756;0.667;106.258
release-a-bounded-lhs-2-eventually;8n;12.682;12.543;0.097;12.537
release-a-bounded-lhs-2-eventually;8l;96.765;96.060;0.652;96.5984
release-a-bounded-lhs-2-eventually;8c;965.922;961.717;4.132;965.072
release-a-bounded-lhs-2-eventually;baseline;1.134;1.096;0.017;1.09141
release-a-bounded-lhs-2-eventually;2n;2.439;2.401;0.024;2.39985
release-a-bounded-lhs-2-eventually;2l;4.710;4.661;0.033;4.66855
release-a-bounded-lhs-2-eventually;2c;10.431;10.353;0.070;10.3769
release-a-bounded-lhs-2-eventually;4n;5.387;5.336;0.043;5.33127
release-a-bounded-lhs-2-eventually;4l;20.420;20.281;0.129;20.3564
release-a-bounded-lhs-2-eventually;4c;101.081;100.523;0.540;100.858
release-a-bounded-lhs-2-eventually;8n;11.837;11.747;0.080;11.7281
release-a-bounded-lhs-2-eventually;8l;91.242;90.672;0.540;91.091
release-a-bounded-lhs-2-eventually;8c;962.381;958.273;4.061;961.559
release-a-bounded-lhs-2-eventually;baseline;1.086;1.062;0.015;1.05689
release-a-bounded-lhs-2-eventually;2n;2.445;2.409;0.024;2.40651
release-a-bounded-lhs-2-eventually;2l;4.728;4.681;0.034;4.68926
release-a-bounded-lhs-2-eventually;2c;10.430;10.348;0.071;10.3693
release-a-bounded-lhs-2-eventually;4n;5.399;5.349;0.037;5.34516
release-a-bounded-lhs-2-eventually;4l;20.578;20.432;0.132;20.511
release-a-bounded-lhs-2-eventually;4c;100.012;99.452;0.543;99.7891
release-a-bounded-lhs-2-eventually;8n;12.030;11.913;0.081;11.8916
release-a-bounded-lhs-2-eventually;8l;90.586;90.021;0.532;90.4081
release-a-bounded-lhs-2-eventually;8c;966.244;962.098;4.089;965.429
release-a-bounded-lhs-2-eventually;baseline;1.085;1.058;0.018;1.05275
release-a-bounded-lhs-2-eventually;2n;2.424;2.389;0.025;2.38647
release-a-bounded-lhs-2-eventually;2l;4.727;4.679;0.041;4.68668
release-a-bounded-lhs-2-eventually;2c;10.430;10.353;0.067;10.3756
release-a-bounded-lhs-2-eventually;4n;5.398;5.320;0.042;5.31425
release-a-bounded-lhs-2-eventually;4l;20.446;20.300;0.131;20.3763
release-a-bounded-lhs-2-eventually;4c;100.808;100.237;0.537;100.568
release-a-bounded-lhs-2-eventually;8n;11.893;11.800;0.072;11.7803
release-a-bounded-lhs-2-eventually;8l;90.685;90.117;0.533;90.5075
release-a-bounded-lhs-2-eventually;8c;963.833;959.756;4.020;963.019
release-a-bounded-lhs-2-eventually;baseline;1.085;1.062;0.016;1.05745
release-a-bounded-lhs-2-eventually;2n;2.435;2.400;0.027;2.39664
release-a-bounded-lhs-2-eventually;2l;4.718;4.671;0.034;4.67833
release-a-bounded-lhs-2-eventually;2c;10.488;10.407;0.069;10.4293
release-a-bounded-lhs-2-eventually;4n;5.385;5.332;0.044;5.32697
release-a-bounded-lhs-2-eventually;4l;20.517;20.349;0.135;20.4237
release-a-bounded-lhs-2-eventually;4c;100.425;99.834;0.546;100.177
release-a-bounded-lhs-2-eventually;8n;11.976;11.888;0.071;11.865
release-a-bounded-lhs-2-eventually;8l;91.090;90.542;0.530;90.9337
release-a-bounded-lhs-2-eventually;8c;962.503;958.305;4.125;961.665
release-a-bounded-lhs-2-eventually;baseline;1.106;1.078;0.018;1.07333
release-a-bounded-lhs-2-eventually;2n;2.427;2.395;0.021;2.39198
release-a-bounded-lhs-2-eventually;2l;4.692;4.646;0.033;4.65389
release-a-bounded-lhs-2-eventually;2c;10.399;10.321;0.064;10.3448
release-a-bounded-lhs-2-eventually;4n;5.363;5.312;0.038;5.30643
release-a-bounded-lhs-2-eventually;4l;20.456;20.312;0.133;20.3909
release-a-bounded-lhs-2-eventually;4c;100.472;99.890;0.538;100.222
release-a-bounded-lhs-2-eventually;8n;11.959;11.871;0.073;11.8484
release-a-bounded-lhs-2-eventually;8l;90.209;89.652;0.539;90.0485
release-a-bounded-lhs-2-eventually;8c;969.734;965.582;4.086;968.901
release-a-bounded-lhs-2-eventually;baseline;1.248;1.212;0.016;1.20907
release-a-bounded-lhs-2-eventually;2n;2.603;2.567;0.023;2.56324
release-a-bounded-lhs-2-eventually;2l;5.101;5.052;0.035;5.06092
release-a-bounded-lhs-2-eventually;2c;11.361;11.267;0.079;11.2914
release-a-bounded-lhs-2-eventually;4n;5.759;5.705;0.044;5.70057
release-a-bounded-lhs-2-eventually;4l;20.912;20.770;0.125;20.8453
release-a-bounded-lhs-2-eventually;4c;100.331;99.770;0.548;100.108
release-a-bounded-lhs-2-eventually;8n;11.901;11.812;0.071;11.7924
release-a-bounded-lhs-2-eventually;8l;90.792;90.228;0.539;90.6275
release-a-bounded-lhs-2-eventually;8c;969.043;964.891;4.089;968.223
release-a-bounded-lhs-2-eventually;baseline;1.111;1.082;0.016;1.07764
release-a-bounded-lhs-2-eventually;2n;2.465;2.431;0.022;2.42792
release-a-bounded-lhs-2-eventually;2l;4.749;4.702;0.034;4.7115
release-a-bounded-lhs-2-eventually;2c;10.463;10.385;0.065;10.4066
release-a-bounded-lhs-2-eventually;4n;5.465;5.412;0.039;5.40931
release-a-bounded-lhs-2-eventually;4l;20.491;20.350;0.132;20.4259
release-a-bounded-lhs-2-eventually;4c;100.579;99.986;0.553;100.325
release-a-bounded-lhs-2-eventually;8n;11.897;11.803;0.084;11.7838
release-a-bounded-lhs-2-eventually;8l;90.922;90.359;0.550;90.7519
release-a-bounded-lhs-2-eventually;8c;967.357;963.240;4.032;966.512
release-a-bounded-lhs-2-eventually;baseline;1.098;1.073;0.019;1.06847
release-a-bounded-lhs-2-eventually;2n;2.416;2.383;0.022;2.38049
release-a-bounded-lhs-2-eventually;2l;4.733;4.670;0.042;4.67892
release-a-bounded-lhs-2-eventually;2c;10.431;10.352;0.068;10.3756
release-a-bounded-lhs-2-eventually;4n;5.329;5.276;0.038;5.27216
release-a-bounded-lhs-2-eventually;4l;20.686;20.543;0.125;20.6184
release-a-bounded-lhs-2-eventually;4c;100.691;100.126;0.551;100.467
release-a-bounded-lhs-2-eventually;8n;11.898;11.791;0.081;11.7721
release-a-bounded-lhs-2-eventually;8l;90.227;89.647;0.539;90.0392
release-a-bounded-lhs-2-eventually;8c;1013.099;1007.335;5.238;1012.25
release-a-bounded-lhs-2-until;baseline;1.295;1.250;0.020;1.24549
release-a-bounded-lhs-2-until;2n;2.756;2.712;0.029;2.71301
release-a-bounded-lhs-2-until;2l;5.247;5.158;0.057;5.17255
release-a-bounded-lhs-2-until;2c;11.438;11.333;0.093;11.3701
release-a-bounded-lhs-2-until;4n;6.098;6.026;0.062;6.01937
release-a-bounded-lhs-2-until;4l;22.268;22.088;0.163;22.1886
release-a-bounded-lhs-2-until;4c;108.872;108.130;0.662;108.576
release-a-bounded-lhs-2-until;8n;13.379;13.267;0.094;13.2166
release-a-bounded-lhs-2-until;8l;97.620;96.992;0.574;97.4428
release-a-bounded-lhs-2-until;8c;1000.081;992.498;7.095;998.245
release-a-bounded-lhs-2-until;baseline;1.235;1.188;0.020;1.18172
release-a-bounded-lhs-2-until;2n;2.613;2.573;0.025;2.56666
release-a-bounded-lhs-2-until;2l;4.950;4.895;0.044;4.90108
release-a-bounded-lhs-2-until;2c;10.886;10.798;0.073;10.8185
release-a-bounded-lhs-2-until;4n;5.840;5.781;0.051;5.7695
release-a-bounded-lhs-2-until;4l;21.340;21.196;0.130;21.2619
release-a-bounded-lhs-2-until;4c;103.172;102.601;0.526;102.887
release-a-bounded-lhs-2-until;8n;13.050;12.938;0.094;12.8887
release-a-bounded-lhs-2-until;8l;91.627;91.145;0.469;91.4679
release-a-bounded-lhs-2-until;8c;977.104;971.280;5.668;975.43
release-a-bounded-lhs-2-until;baseline;1.327;1.283;0.020;1.27853
release-a-bounded-lhs-2-until;2n;2.922;2.881;0.028;2.87689
release-a-bounded-lhs-2-until;2l;5.513;5.446;0.060;5.46287
release-a-bounded-lhs-2-until;2c;11.670;11.580;0.073;11.5983
release-a-bounded-lhs-2-until;4n;6.180;6.106;0.053;6.0921
release-a-bounded-lhs-2-until;4l;22.564;22.417;0.140;22.482
release-a-bounded-lhs-2-until;4c;105.556;104.962;0.575;105.341
release-a-bounded-lhs-2-until;8n;12.888;12.778;0.100;12.734
release-a-bounded-lhs-2-until;8l;92.472;92.004;0.450;92.3196
release-a-bounded-lhs-2-until;8c;974.461;969.521;4.796;972.816
release-a-bounded-lhs-2-until;baseline;1.238;1.198;0.018;1.19124
release-a-bounded-lhs-2-until;2n;2.620;2.582;0.025;2.57672
release-a-bounded-lhs-2-until;2l;4.958;4.904;0.041;4.91004
release-a-bounded-lhs-2-until;2c;10.919;10.801;0.082;10.8205
release-a-bounded-lhs-2-until;4n;5.777;5.715;0.052;5.70305
release-a-bounded-lhs-2-until;4l;21.235;21.090;0.136;21.1565
release-a-bounded-lhs-2-until;4c;104.053;103.433;0.574;103.815
release-a-bounded-lhs-2-until;8n;12.883;12.774;0.094;12.7219
release-a-bounded-lhs-2-until;8l;91.903;91.425;0.467;91.7492
release-a-bounded-lhs-2-until;8c;974.872;970.113;4.705;973.076
release-a-bounded-lhs-2-until;baseline;1.209;1.168;0.024;1.16236
release-a-bounded-lhs-2-until;2n;2.602;2.563;0.025;2.55838
release-a-bounded-lhs-2-until;2l;4.943;4.889;0.042;4.89458
release-a-bounded-lhs-2-until;2c;10.924;10.807;0.079;10.8274
release-a-bounded-lhs-2-until;4n;5.793;5.732;0.052;5.7192
release-a-bounded-lhs-2-until;4l;21.352;21.207;0.135;21.2719
release-a-bounded-lhs-2-until;4c;104.380;103.789;0.568;104.124
release-a-bounded-lhs-2-until;8n;12.789;12.699;0.078;12.635
release-a-bounded-lhs-2-until;8l;91.538;91.055;0.468;91.3757
release-a-bounded-lhs-2-until;8c;970.960;966.198;4.693;969.125
release-a-bounded-lhs-2-until;baseline;1.239;1.198;0.023;1.19235
release-a-bounded-lhs-2-until;2n;2.617;2.576;0.030;2.57008
release-a-bounded-lhs-2-until;2l;4.937;4.885;0.039;4.89175
release-a-bounded-lhs-2-until;2c;10.872;10.781;0.083;10.8015
release-a-bounded-lhs-2-until;4n;5.848;5.757;0.056;5.74211
release-a-bounded-lhs-2-until;4l;21.328;21.183;0.130;21.2515
release-a-bounded-lhs-2-until;4c;104.132;103.537;0.577;103.921
release-a-bounded-lhs-2-until;8n;12.980;12.868;0.100;12.8245
release-a-bounded-lhs-2-until;8l;92.098;91.612;0.467;91.9354
release-a-bounded-lhs-2-until;8c;977.297;972.492;4.714;975.547
release-a-bounded-lhs-2-until;baseline;1.218;1.173;0.018;1.16677
release-a-bounded-lhs-2-until;2n;2.613;2.574;0.030;2.5678
release-a-bounded-lhs-2-until;2l;4.949;4.895;0.044;4.90179
release-a-bounded-lhs-2-until;2c;10.919;10.811;0.082;10.8321
release-a-bounded-lhs-2-until;4n;5.774;5.715;0.050;5.70362
release-a-bounded-lhs-2-until;4l;21.191;21.049;0.128;21.116
release-a-bounded-lhs-2-until;4c;104.694;104.100;0.577;104.481
release-a-bounded-lhs-2-until;8n;12.800;12.709;0.080;12.649
release-a-bounded-lhs-2-until;8l;91.860;91.379;0.465;91.6967
release-a-bounded-lhs-2-until;8c;1031.559;1023.101;7.604;1029.78
release-a-bounded-lhs-2-until;baseline;1.255;1.211;0.020;1.20635
release-a-bounded-lhs-2-until;2n;2.811;2.764;0.031;2.76313
release-a-bounded-lhs-2-until;2l;5.157;5.094;0.045;5.10741
release-a-bounded-lhs-2-until;2c;11.414;11.283;0.093;11.3183
release-a-bounded-lhs-2-until;4n;6.100;6.033;0.055;6.02855
release-a-bounded-lhs-2-until;4l;22.257;22.084;0.152;22.1774
release-a-bounded-lhs-2-until;4c;108.519;107.841;0.619;108.25
release-a-bounded-lhs-2-until;8n;13.410;13.284;0.108;13.251
release-a-bounded-lhs-2-until;8l;96.463;95.856;0.544;96.2801
release-a-bounded-lhs-2-until;8c;994.457;988.841;5.368;992.743
release-a-bounded-lhs-2-until;baseline;1.197;1.160;0.016;1.15403
release-a-bounded-lhs-2-until;2n;2.650;2.610;0.030;2.60472
release-a-bounded-lhs-2-until;2l;4.961;4.905;0.049;4.91285
release-a-bounded-lhs-2-until;2c;10.958;10.853;0.082;10.8738
release-a-bounded-lhs-2-until;4n;5.809;5.748;0.045;5.73609
release-a-bounded-lhs-2-until;4l;21.156;21.008;0.127;21.0757
release-a-bounded-lhs-2-until;4c;111.982;111.087;0.747;111.713
release-a-bounded-lhs-2-until;8n;14.814;14.683;0.108;14.6383
release-a-bounded-lhs-2-until;8l;102.656;102.038;0.570;102.476
release-a-bounded-lhs-2-until;8c;1021.307;1012.257;8.311;1019.59
release-a-bounded-lhs-2-until;baseline;1.331;1.286;0.019;1.28261
release-a-bounded-lhs-2-until;2n;2.922;2.871;0.037;2.87393
release-a-bounded-lhs-2-until;2l;5.737;5.660;0.053;5.67391
release-a-bounded-lhs-2-until;2c;13.115;13.003;0.103;13.0408
release-a-bounded-lhs-2-until;4n;6.843;6.768;0.063;6.76677
release-a-bounded-lhs-2-until;4l;24.698;24.510;0.167;24.6104
release-a-bounded-lhs-2-until;4c;108.725;108.038;0.629;108.456
release-a-bounded-lhs-2-until;8n;13.766;13.642;0.106;13.6059
release-a-bounded-lhs-2-until;8l;99.790;99.120;0.602;99.628
release-a-bounded-lhs-2-until;8c;988.070;980.582;7.088;986.193
release-a-unbounded-lhs-2-always;baseline;0.035;0.004;0.010;
release-a-unbounded-lhs-2-always;2n;0.021;0.004;0.010;
release-a-unbounded-lhs-2-always;2l;0.022;0.004;0.012;
release-a-unbounded-lhs-2-always;2c;0.022;0.004;0.011;
release-a-unbounded-lhs-2-always;4n;0.021;0.005;0.007;
release-a-unbounded-lhs-2-always;4l;0.022;0.004;0.008;
release-a-unbounded-lhs-2-always;4c;0.018;0.004;0.009;
release-a-unbounded-lhs-2-always;8n;0.022;0.004;0.009;
release-a-unbounded-lhs-2-always;8l;0.019;0.004;0.006;
release-a-unbounded-lhs-2-always;8c;0.022;0.005;0.007;
release-a-unbounded-lhs-2-always;baseline;0.020;0.004;0.007;
release-a-unbounded-lhs-2-always;2n;0.021;0.005;0.007;
release-a-unbounded-lhs-2-always;2l;0.019;0.004;0.008;
release-a-unbounded-lhs-2-always;2c;0.020;0.004;0.007;
release-a-unbounded-lhs-2-always;4n;0.019;0.004;0.008;
release-a-unbounded-lhs-2-always;4l;0.019;0.004;0.006;
release-a-unbounded-lhs-2-always;4c;0.018;0.004;0.008;
release-a-unbounded-lhs-2-always;8n;0.019;0.004;0.006;
release-a-unbounded-lhs-2-always;8l;0.020;0.004;0.008;
release-a-unbounded-lhs-2-always;8c;0.020;0.005;0.007;
release-a-unbounded-lhs-2-always;baseline;0.019;0.004;0.010;
release-a-unbounded-lhs-2-always;2n;0.023;0.005;0.009;
release-a-unbounded-lhs-2-always;2l;0.019;0.004;0.007;
release-a-unbounded-lhs-2-always;2c;0.021;0.004;0.011;
release-a-unbounded-lhs-2-always;4n;0.021;0.004;0.009;
release-a-unbounded-lhs-2-always;4l;0.019;0.004;0.006;
release-a-unbounded-lhs-2-always;4c;0.022;0.005;0.010;
release-a-unbounded-lhs-2-always;8n;0.020;0.005;0.010;
release-a-unbounded-lhs-2-always;8l;0.019;0.004;0.006;
release-a-unbounded-lhs-2-always;8c;0.021;0.004;0.008;
release-a-unbounded-lhs-2-always;baseline;0.022;0.005;0.010;
release-a-unbounded-lhs-2-always;2n;0.022;0.005;0.009;
release-a-unbounded-lhs-2-always;2l;0.024;0.005;0.011;
release-a-unbounded-lhs-2-always;2c;0.020;0.005;0.006;
release-a-unbounded-lhs-2-always;4n;0.019;0.004;0.006;
release-a-unbounded-lhs-2-always;4l;0.021;0.005;0.006;
release-a-unbounded-lhs-2-always;4c;0.021;0.005;0.008;
release-a-unbounded-lhs-2-always;8n;0.019;0.005;0.007;
release-a-unbounded-lhs-2-always;8l;0.020;0.004;0.006;
release-a-unbounded-lhs-2-always;8c;0.020;0.004;0.007;
release-a-unbounded-lhs-2-always;baseline;0.022;0.005;0.010;
release-a-unbounded-lhs-2-always;2n;0.021;0.004;0.009;
release-a-unbounded-lhs-2-always;2l;0.022;0.004;0.009;
release-a-unbounded-lhs-2-always;2c;0.024;0.005;0.011;
release-a-unbounded-lhs-2-always;4n;0.018;0.004;0.008;
release-a-unbounded-lhs-2-always;4l;0.019;0.005;0.007;
release-a-unbounded-lhs-2-always;4c;0.020;0.004;0.011;
release-a-unbounded-lhs-2-always;8n;0.021;0.004;0.008;
release-a-unbounded-lhs-2-always;8l;0.021;0.005;0.007;
release-a-unbounded-lhs-2-always;8c;0.022;0.005;0.009;
release-a-unbounded-lhs-2-always;baseline;0.020;0.005;0.006;
release-a-unbounded-lhs-2-always;2n;0.019;0.004;0.006;
release-a-unbounded-lhs-2-always;2l;0.018;0.004;0.008;
release-a-unbounded-lhs-2-always;2c;0.019;0.005;0.006;
release-a-unbounded-lhs-2-always;4n;0.023;0.005;0.010;
release-a-unbounded-lhs-2-always;4l;0.021;0.004;0.012;
release-a-unbounded-lhs-2-always;4c;0.020;0.004;0.007;
release-a-unbounded-lhs-2-always;8n;0.020;0.004;0.011;
release-a-unbounded-lhs-2-always;8l;0.020;0.005;0.007;
release-a-unbounded-lhs-2-always;8c;0.019;0.004;0.007;
release-a-unbounded-lhs-2-always;baseline;0.021;0.004;0.010;
release-a-unbounded-lhs-2-always;2n;0.021;0.005;0.007;
release-a-unbounded-lhs-2-always;2l;0.021;0.004;0.012;
release-a-unbounded-lhs-2-always;2c;0.022;0.005;0.008;
release-a-unbounded-lhs-2-always;4n;0.024;0.005;0.011;
release-a-unbounded-lhs-2-always;4l;0.021;0.004;0.008;
release-a-unbounded-lhs-2-always;4c;0.024;0.005;0.014;
release-a-unbounded-lhs-2-always;8n;0.020;0.005;0.006;
release-a-unbounded-lhs-2-always;8l;0.019;0.005;0.007;
release-a-unbounded-lhs-2-always;8c;0.021;0.004;0.012;
release-a-unbounded-lhs-2-always;baseline;0.021;0.005;0.007;
release-a-unbounded-lhs-2-always;2n;0.019;0.004;0.007;
release-a-unbounded-lhs-2-always;2l;0.022;0.005;0.008;
release-a-unbounded-lhs-2-always;2c;0.021;0.005;0.007;
release-a-unbounded-lhs-2-always;4n;0.022;0.004;0.010;
release-a-unbounded-lhs-2-always;4l;0.019;0.004;0.006;
release-a-unbounded-lhs-2-always;4c;0.019;0.004;0.007;
release-a-unbounded-lhs-2-always;8n;0.019;0.005;0.007;
release-a-unbounded-lhs-2-always;8l;0.022;0.004;0.008;
release-a-unbounded-lhs-2-always;8c;0.022;0.005;0.012;
release-a-unbounded-lhs-2-always;baseline;0.020;0.004;0.007;
release-a-unbounded-lhs-2-always;2n;0.020;0.004;0.011;
release-a-unbounded-lhs-2-always;2l;0.021;0.004;0.008;
release-a-unbounded-lhs-2-always;2c;0.023;0.005;0.009;
release-a-unbounded-lhs-2-always;4n;0.023;0.005;0.012;
release-a-unbounded-lhs-2-always;4l;0.019;0.004;0.006;
release-a-unbounded-lhs-2-always;4c;0.024;0.005;0.009;
release-a-unbounded-lhs-2-always;8n;0.019;0.005;0.007;
release-a-unbounded-lhs-2-always;8l;0.022;0.005;0.009;
release-a-unbounded-lhs-2-always;8c;0.021;0.005;0.008;
release-a-unbounded-lhs-2-always;baseline;0.020;0.005;0.006;
release-a-unbounded-lhs-2-always;2n;0.020;0.004;0.011;
release-a-unbounded-lhs-2-always;2l;0.021;0.005;0.010;
release-a-unbounded-lhs-2-always;2c;0.020;0.004;0.007;
release-a-unbounded-lhs-2-always;4n;0.019;0.004;0.007;
release-a-unbounded-lhs-2-always;4l;0.022;0.005;0.009;
release-a-unbounded-lhs-2-always;4c;0.021;0.004;0.008;
release-a-unbounded-lhs-2-always;8n;0.018;0.004;0.006;
release-a-unbounded-lhs-2-always;8l;0.021;0.004;0.008;
release-a-unbounded-lhs-2-always;8c;0.020;0.004;0.011;
release-a-unbounded-lhs-2-eventually;baseline;0.019;0.004;0.006;
release-a-unbounded-lhs-2-eventually;2n;0.020;0.004;0.006;
release-a-unbounded-lhs-2-eventually;2l;0.021;0.005;0.007;
release-a-unbounded-lhs-2-eventually;2c;0.022;0.006;0.008;
release-a-unbounded-lhs-2-eventually;4n;0.020;0.004;0.007;
release-a-unbounded-lhs-2-eventually;4l;0.020;0.004;0.012;
release-a-unbounded-lhs-2-eventually;4c;0.022;0.005;0.010;
release-a-unbounded-lhs-2-eventually;8n;0.020;0.004;0.006;
release-a-unbounded-lhs-2-eventually;8l;0.023;0.005;0.013;
release-a-unbounded-lhs-2-eventually;8c;0.019;0.004;0.007;
release-a-unbounded-lhs-2-eventually;baseline;0.020;0.004;0.006;
release-a-unbounded-lhs-2-eventually;2n;0.020;0.004;0.012;
release-a-unbounded-lhs-2-eventually;2l;0.018;0.004;0.006;
release-a-unbounded-lhs-2-eventually;2c;0.020;0.005;0.006;
release-a-unbounded-lhs-2-eventually;4n;0.027;0.004;0.006;
release-a-unbounded-lhs-2-eventually;4l;0.019;0.004;0.006;
release-a-unbounded-lhs-2-eventually;4c;0.037;0.004;0.007;
release-a-unbounded-lhs-2-eventually;8n;0.021;0.004;0.009;
release-a-unbounded-lhs-2-eventually;8l;0.022;0.005;0.009;
release-a-unbounded-lhs-2-eventually;8c;0.019;0.004;0.006;
release-a-unbounded-lhs-2-eventually;baseline;0.019;0.004;0.006;
release-a-unbounded-lhs-2-eventually;2n;0.019;0.004;0.008;
release-a-unbounded-lhs-2-eventually;2l;0.021;0.004;0.009;
release-a-unbounded-lhs-2-eventually;2c;0.022;0.005;0.009;
release-a-unbounded-lhs-2-eventually;4n;0.020;0.004;0.012;
release-a-unbounded-lhs-2-eventually;4l;0.021;0.004;0.008;
release-a-unbounded-lhs-2-eventually;4c;0.021;0.004;0.013;
release-a-unbounded-lhs-2-eventually;8n;0.022;0.006;0.009;
release-a-unbounded-lhs-2-eventually;8l;0.018;0.004;0.008;
release-a-unbounded-lhs-2-eventually;8c;0.021;0.005;0.007;
release-a-unbounded-lhs-2-eventually;baseline;0.019;0.005;0.006;
release-a-unbounded-lhs-2-eventually;2n;0.020;0.004;0.007;
release-a-unbounded-lhs-2-eventually;2l;0.020;0.005;0.009;
release-a-unbounded-lhs-2-eventually;2c;0.020;0.005;0.007;
release-a-unbounded-lhs-2-eventually;4n;0.020;0.004;0.012;
release-a-unbounded-lhs-2-eventually;4l;0.021;0.004;0.008;
release-a-unbounded-lhs-2-eventually;4c;0.020;0.004;0.011;
release-a-unbounded-lhs-2-eventually;8n;0.020;0.004;0.012;
release-a-unbounded-lhs-2-eventually;8l;0.021;0.004;0.006;
release-a-unbounded-lhs-2-eventually;8c;0.022;0.005;0.009;
release-a-unbounded-lhs-2-eventually;baseline;0.020;0.004;0.012;
release-a-unbounded-lhs-2-eventually;2n;0.019;0.004;0.009;
release-a-unbounded-lhs-2-eventually;2l;0.023;0.005;0.010;
release-a-unbounded-lhs-2-eventually;2c;0.023;0.005;0.010;
release-a-unbounded-lhs-2-eventually;4n;0.021;0.005;0.007;
release-a-unbounded-lhs-2-eventually;4l;0.020;0.004;0.007;
release-a-unbounded-lhs-2-eventually;4c;0.019;0.004;0.009;
release-a-unbounded-lhs-2-eventually;8n;0.023;0.005;0.008;
release-a-unbounded-lhs-2-eventually;8l;0.019;0.004;0.007;
release-a-unbounded-lhs-2-eventually;8c;0.019;0.004;0.006;
release-a-unbounded-lhs-2-eventually;baseline;0.018;0.004;0.006;
release-a-unbounded-lhs-2-eventually;2n;0.020;0.004;0.011;
release-a-unbounded-lhs-2-eventually;2l;0.021;0.005;0.007;
release-a-unbounded-lhs-2-eventually;2c;0.018;0.004;0.006;
release-a-unbounded-lhs-2-eventually;4n;0.021;0.004;0.008;
release-a-unbounded-lhs-2-eventually;4l;0.022;0.005;0.009;
release-a-unbounded-lhs-2-eventually;4c;0.020;0.005;0.007;
release-a-unbounded-lhs-2-eventually;8n;0.020;0.004;0.007;
release-a-unbounded-lhs-2-eventually;8l;0.021;0.005;0.007;
release-a-unbounded-lhs-2-eventually;8c;0.020;0.004;0.012;
release-a-unbounded-lhs-2-eventually;baseline;0.020;0.004;0.010;
release-a-unbounded-lhs-2-eventually;2n;0.020;0.004;0.007;
release-a-unbounded-lhs-2-eventually;2l;0.021;0.005;0.007;
release-a-unbounded-lhs-2-eventually;2c;0.020;0.004;0.011;
release-a-unbounded-lhs-2-eventually;4n;0.024;0.005;0.010;
release-a-unbounded-lhs-2-eventually;4l;0.022;0.005;0.008;
release-a-unbounded-lhs-2-eventually;4c;0.020;0.005;0.007;
release-a-unbounded-lhs-2-eventually;8n;0.022;0.006;0.008;
release-a-unbounded-lhs-2-eventually;8l;0.021;0.005;0.006;
release-a-unbounded-lhs-2-eventually;8c;0.023;0.005;0.010;
release-a-unbounded-lhs-2-eventually;baseline;0.022;0.004;0.009;
release-a-unbounded-lhs-2-eventually;2n;0.020;0.004;0.011;
release-a-unbounded-lhs-2-eventually;2l;0.020;0.005;0.007;
release-a-unbounded-lhs-2-eventually;2c;0.021;0.005;0.012;
release-a-unbounded-lhs-2-eventually;4n;0.019;0.004;0.006;
release-a-unbounded-lhs-2-eventually;4l;0.021;0.004;0.008;
release-a-unbounded-lhs-2-eventually;4c;0.022;0.005;0.007;
release-a-unbounded-lhs-2-eventually;8n;0.020;0.004;0.012;
release-a-unbounded-lhs-2-eventually;8l;0.019;0.004;0.006;
release-a-unbounded-lhs-2-eventually;8c;0.020;0.004;0.006;
release-a-unbounded-lhs-2-eventually;baseline;0.022;0.005;0.008;
release-a-unbounded-lhs-2-eventually;2n;0.021;0.004;0.008;
release-a-unbounded-lhs-2-eventually;2l;0.020;0.004;0.011;
release-a-unbounded-lhs-2-eventually;2c;0.020;0.004;0.012;
release-a-unbounded-lhs-2-eventually;4n;0.020;0.004;0.007;
release-a-unbounded-lhs-2-eventually;4l;0.019;0.004;0.006;
release-a-unbounded-lhs-2-eventually;4c;0.020;0.005;0.007;
release-a-unbounded-lhs-2-eventually;8n;0.022;0.004;0.010;
release-a-unbounded-lhs-2-eventually;8l;0.021;0.004;0.009;
release-a-unbounded-lhs-2-eventually;8c;0.020;0.004;0.007;
release-a-unbounded-lhs-2-eventually;baseline;0.021;0.004;0.007;
release-a-unbounded-lhs-2-eventually;2n;0.019;0.004;0.006;
release-a-unbounded-lhs-2-eventually;2l;0.019;0.004;0.007;
release-a-unbounded-lhs-2-eventually;2c;0.019;0.004;0.010;
release-a-unbounded-lhs-2-eventually;4n;0.019;0.004;0.006;
release-a-unbounded-lhs-2-eventually;4l;0.019;0.004;0.006;
release-a-unbounded-lhs-2-eventually;4c;0.023;0.005;0.010;
release-a-unbounded-lhs-2-eventually;8n;0.020;0.004;0.007;
release-a-unbounded-lhs-2-eventually;8l;0.021;0.004;0.008;
release-a-unbounded-lhs-2-eventually;8c;0.020;0.005;0.007;
release-a-unbounded-lhs-2-until;baseline;0.020;0.004;0.011;
release-a-unbounded-lhs-2-until;2n;0.022;0.005;0.008;
release-a-unbounded-lhs-2-until;2l;0.020;0.004;0.012;
release-a-unbounded-lhs-2-until;2c;0.020;0.004;0.007;
release-a-unbounded-lhs-2-until;4n;0.021;0.005;0.007;
release-a-unbounded-lhs-2-until;4l;0.021;0.005;0.007;
release-a-unbounded-lhs-2-until;4c;0.023;0.005;0.011;
release-a-unbounded-lhs-2-until;8n;0.021;0.005;0.007;
release-a-unbounded-lhs-2-until;8l;0.022;0.004;0.012;
release-a-unbounded-lhs-2-until;8c;0.020;0.004;0.007;
release-a-unbounded-lhs-2-until;baseline;0.021;0.005;0.007;
release-a-unbounded-lhs-2-until;2n;0.020;0.005;0.006;
release-a-unbounded-lhs-2-until;2l;0.021;0.004;0.012;
release-a-unbounded-lhs-2-until;2c;0.020;0.005;0.007;
release-a-unbounded-lhs-2-until;4n;0.019;0.004;0.006;
release-a-unbounded-lhs-2-until;4l;0.019;0.004;0.006;
release-a-unbounded-lhs-2-until;4c;0.019;0.004;0.006;
release-a-unbounded-lhs-2-until;8n;0.020;0.004;0.011;
release-a-unbounded-lhs-2-until;8l;0.020;0.004;0.012;
release-a-unbounded-lhs-2-until;8c;0.020;0.004;0.012;
release-a-unbounded-lhs-2-until;baseline;0.023;0.004;0.010;
release-a-unbounded-lhs-2-until;2n;0.022;0.004;0.009;
release-a-unbounded-lhs-2-until;2l;0.021;0.004;0.013;
release-a-unbounded-lhs-2-until;2c;0.024;0.005;0.010;
release-a-unbounded-lhs-2-until;4n;0.021;0.005;0.007;
release-a-unbounded-lhs-2-until;4l;0.020;0.004;0.012;
release-a-unbounded-lhs-2-until;4c;0.022;0.005;0.013;
release-a-unbounded-lhs-2-until;8n;0.021;0.005;0.007;
release-a-unbounded-lhs-2-until;8l;0.023;0.005;0.009;
release-a-unbounded-lhs-2-until;8c;0.020;0.004;0.011;
release-a-unbounded-lhs-2-until;baseline;0.018;0.004;0.006;
release-a-unbounded-lhs-2-until;2n;0.020;0.004;0.012;
release-a-unbounded-lhs-2-until;2l;0.020;0.004;0.006;
release-a-unbounded-lhs-2-until;2c;0.020;0.005;0.006;
release-a-unbounded-lhs-2-until;4n;0.019;0.005;0.007;
release-a-unbounded-lhs-2-until;4l;0.020;0.004;0.006;
release-a-unbounded-lhs-2-until;4c;0.020;0.004;0.011;
release-a-unbounded-lhs-2-until;8n;0.020;0.004;0.007;
release-a-unbounded-lhs-2-until;8l;0.019;0.004;0.009;
release-a-unbounded-lhs-2-until;8c;0.019;0.004;0.010;
release-a-unbounded-lhs-2-until;baseline;0.020;0.004;0.006;
release-a-unbounded-lhs-2-until;2n;0.020;0.005;0.007;
release-a-unbounded-lhs-2-until;2l;0.018;0.004;0.005;
release-a-unbounded-lhs-2-until;2c;0.020;0.004;0.012;
release-a-unbounded-lhs-2-until;4n;0.020;0.004;0.007;
release-a-unbounded-lhs-2-until;4l;0.022;0.004;0.010;
release-a-unbounded-lhs-2-until;4c;0.020;0.005;0.008;
release-a-unbounded-lhs-2-until;8n;0.020;0.004;0.011;
release-a-unbounded-lhs-2-until;8l;0.023;0.005;0.009;
release-a-unbounded-lhs-2-until;8c;0.023;0.005;0.010;
release-a-unbounded-lhs-2-until;baseline;0.023;0.005;0.010;
release-a-unbounded-lhs-2-until;2n;0.019;0.004;0.006;
release-a-unbounded-lhs-2-until;2l;0.020;0.004;0.006;
release-a-unbounded-lhs-2-until;2c;0.022;0.004;0.009;
release-a-unbounded-lhs-2-until;4n;0.019;0.004;0.009;
release-a-unbounded-lhs-2-until;4l;0.020;0.004;0.011;
release-a-unbounded-lhs-2-until;4c;0.020;0.005;0.007;
release-a-unbounded-lhs-2-until;8n;0.020;0.004;0.011;
release-a-unbounded-lhs-2-until;8l;0.019;0.004;0.007;
release-a-unbounded-lhs-2-until;8c;0.023;0.005;0.011;
release-a-unbounded-lhs-2-until;baseline;0.019;0.004;0.006;
release-a-unbounded-lhs-2-until;2n;0.020;0.004;0.007;
release-a-unbounded-lhs-2-until;2l;0.020;0.004;0.011;
release-a-unbounded-lhs-2-until;2c;0.021;0.004;0.008;
release-a-unbounded-lhs-2-until;4n;0.022;0.005;0.010;
release-a-unbounded-lhs-2-until;4l;0.021;0.004;0.012;
release-a-unbounded-lhs-2-until;4c;0.022;0.004;0.010;
release-a-unbounded-lhs-2-until;8n;0.023;0.005;0.010;
release-a-unbounded-lhs-2-until;8l;0.020;0.004;0.010;
release-a-unbounded-lhs-2-until;8c;0.020;0.005;0.007;
release-a-unbounded-lhs-2-until;baseline;0.022;0.005;0.008;
release-a-unbounded-lhs-2-until;2n;0.021;0.005;0.007;
release-a-unbounded-lhs-2-until;2l;0.021;0.005;0.008;
release-a-unbounded-lhs-2-until;2c;0.019;0.004;0.006;
release-a-unbounded-lhs-2-until;4n;0.019;0.004;0.011;
release-a-unbounded-lhs-2-until;4l;0.020;0.004;0.012;
release-a-unbounded-lhs-2-until;4c;0.020;0.004;0.011;
release-a-unbounded-lhs-2-until;8n;0.020;0.004;0.011;
release-a-unbounded-lhs-2-until;8l;0.020;0.004;0.007;
release-a-unbounded-lhs-2-until;8c;0.019;0.004;0.009;
release-a-unbounded-lhs-2-until;baseline;0.019;0.004;0.011;
release-a-unbounded-lhs-2-until;2n;0.018;0.004;0.011;
release-a-unbounded-lhs-2-until;2l;0.019;0.004;0.007;
release-a-unbounded-lhs-2-until;2c;0.020;0.005;0.006;
release-a-unbounded-lhs-2-until;4n;0.020;0.005;0.012;
release-a-unbounded-lhs-2-until;4l;0.020;0.004;0.012;
release-a-unbounded-lhs-2-until;4c;0.020;0.004;0.011;
release-a-unbounded-lhs-2-until;8n;0.020;0.004;0.012;
release-a-unbounded-lhs-2-until;8l;0.020;0.005;0.010;
release-a-unbounded-lhs-2-until;8c;0.020;0.004;0.012;
release-a-unbounded-lhs-2-until;baseline;0.021;0.004;0.009;
release-a-unbounded-lhs-2-until;2n;0.022;0.005;0.009;
release-a-unbounded-lhs-2-until;2l;0.020;0.004;0.009;
release-a-unbounded-lhs-2-until;2c;0.020;0.004;0.011;
release-a-unbounded-lhs-2-until;4n;0.020;0.004;0.007;
release-a-unbounded-lhs-2-until;4l;0.022;0.004;0.009;
release-a-unbounded-lhs-2-until;4c;0.020;0.004;0.012;
release-a-unbounded-lhs-2-until;8n;0.023;0.005;0.010;
release-a-unbounded-lhs-2-until;8l;0.020;0.004;0.012;
release-a-unbounded-lhs-2-until;8c;0.023;0.005;0.011;
